Date,Open,High,Low,Close,Adj Close,Volume
2018-01-01,729.4000244140625,741.9500122070312,724.0499877929688,738.25,626.291015625,51609
2018-01-02,739.0499877929688,739.9000244140625,726.7000122070312,734.6500244140625,623.2369995117188,144476
2018-01-03,738.0,738.0,718.5,720.0499877929688,610.8511352539062,58527
2018-01-04,724.9500122070312,726.5,714.0,715.8499755859375,607.2880859375,189039
2018-01-05,712.0999755859375,720.0,707.2000122070312,714.0,605.7186279296875,107123
2018-01-08,710.9000244140625,724.7000122070312,710.9000244140625,715.5999755859375,607.075927734375,170912
2018-01-09,721.9000244140625,725.0,708.3499755859375,712.3499755859375,604.3187866210938,149874
2018-01-10,708.0499877929688,718.7000122070312,707.0999755859375,710.0,602.3251953125,598248
2018-01-11,708.0,724.0,708.0,716.2000122070312,607.5849609375,415257
2018-01-12,721.0,743.9500122070312,721.0,728.5999755859375,618.1044311523438,122207
2018-01-15,733.9500122070312,782.9000244140625,730.75,748.9000244140625,635.325927734375,270088
2018-01-16,752.0,759.7999877929688,728.0499877929688,741.5499877929688,629.0905151367188,255128
2018-01-17,745.5999755859375,778.3499755859375,745.0,762.0999755859375,646.5239868164062,288810
2018-01-18,766.9500122070312,812.0,763.5499877929688,794.3499755859375,673.8831787109375,494354
2018-01-19,795.0,800.5499877929688,762.0,789.5499877929688,669.8110961914062,215672
2018-01-22,795.0,812.9000244140625,788.7000122070312,802.0,680.3729858398438,166055
2018-01-23,806.0,806.0,790.5,796.2000122070312,675.4525756835938,104886
2018-01-24,795.0,857.5,793.0,802.5499877929688,680.8396606445312,526658
2018-01-25,813.0,839.2000122070312,795.0,823.7999877929688,698.8668823242188,551311
2018-01-29,830.5999755859375,925.0,830.5,879.75,746.3318481445312,1269227
2018-01-30,870.0,915.0,860.0999755859375,883.3499755859375,749.3859252929688,1271233
2018-01-31,888.4000244140625,912.0,884.0,894.8499755859375,759.141845703125,526609
2018-02-01,909.8499755859375,909.8499755859375,862.9000244140625,879.6500244140625,746.2470703125,254028
2018-02-02,874.7999877929688,892.0,844.4000244140625,854.6500244140625,725.0384521484375,204011
2018-02-05,851.0999755859375,871.9000244140625,829.0,856.2999877929688,726.4381713867188,179437
2018-02-06,845.0,860.5499877929688,829.1500244140625,845.3499755859375,717.1487426757812,234511
2018-02-07,857.9500122070312,881.5,812.0999755859375,833.4500122070312,707.053466796875,294347
2018-02-08,838.9500122070312,884.0,830.2000122070312,872.0499877929688,739.7996215820312,337605
2018-02-09,855.5999755859375,906.9500122070312,851.3499755859375,897.5999755859375,761.474853515625,369172
2018-02-12,907.9500122070312,934.0,842.5,857.7000122070312,727.6258544921875,479338
2018-02-14,872.9500122070312,909.9000244140625,863.5,890.7999877929688,755.7060546875,415416
2018-02-15,896.8499755859375,915.5499877929688,871.0,879.2000122070312,745.865234375,246637
2018-02-16,885.7999877929688,900.9000244140625,854.5999755859375,862.7999877929688,731.9524536132812,115328
2018-02-19,860.0999755859375,872.0,835.3499755859375,859.25,728.9407958984375,106386
2018-02-20,869.5499877929688,875.2999877929688,860.1500244140625,865.75,734.455078125,269422
2018-02-21,880.0,909.0,874.1500244140625,886.3499755859375,751.930908203125,348310
2018-02-22,873.5999755859375,918.5,873.2000122070312,906.25,768.8130493164062,512204
2018-02-23,913.0499877929688,924.4500122070312,899.3499755859375,906.7999877929688,769.2796630859375,336166
2018-02-26,910.9500122070312,913.5999755859375,875.0499877929688,884.25,750.1494140625,242683
2018-02-27,897.4500122070312,899.0,866.0999755859375,872.5499877929688,740.2238159179688,289596
2018-02-28,865.0,872.0,853.0999755859375,859.7000122070312,729.3225708007812,242947
2018-03-01,867.0,867.8499755859375,850.7000122070312,854.8499755859375,725.2080688476562,171263
2018-03-05,854.8499755859375,867.0,850.5499877929688,858.3499755859375,728.1773071289062,327119
2018-03-06,864.9000244140625,864.9000244140625,842.0499877929688,846.3499755859375,717.9971313476562,283051
2018-03-07,843.7999877929688,857.9500122070312,835.0,841.7000122070312,714.05224609375,415519
2018-03-08,850.0,850.7999877929688,824.4500122070312,833.2000122070312,706.8414306640625,165340
2018-03-09,839.75,839.75,818.0999755859375,825.0999755859375,699.9697265625,183187
2018-03-12,830.7999877929688,865.0,830.7999877929688,856.8499755859375,726.90478515625,516985
2018-03-13,861.4000244140625,870.2999877929688,845.0,849.7999877929688,720.9240112304688,210714
2018-03-14,850.0,874.0,850.0,866.1500244140625,734.7944946289062,287717
2018-03-15,864.7999877929688,889.4000244140625,861.9000244140625,881.3499755859375,747.6892700195312,211633
2018-03-16,884.0,894.6500244140625,866.25,875.75,742.9385986328125,310010
2018-03-19,873.6500244140625,879.2000122070312,852.5,855.5999755859375,725.8443603515625,113904
2018-03-20,850.7999877929688,862.5,837.0,841.7999877929688,714.13720703125,157267
2018-03-21,848.9500122070312,865.0,847.3499755859375,856.9000244140625,726.947265625,194027
2018-03-22,858.9000244140625,866.9000244140625,841.0999755859375,844.9500122070312,716.8094482421875,133785
2018-03-23,834.9000244140625,859.4000244140625,831.3499755859375,835.2999877929688,708.6229248046875,692640
2018-03-26,835.2999877929688,841.5,821.5,828.7000122070312,703.0238647460938,176200
2018-03-27,827.0,836.8499755859375,799.0,811.4000244140625,688.3475952148438,414234
2018-03-28,811.0499877929688,845.0,806.7000122070312,837.75,710.7013549804688,372896
2018-04-02,839.8499755859375,867.75,838.0,846.7999877929688,718.37890625,228650
2018-04-03,846.0999755859375,854.9500122070312,844.0499877929688,851.9000244140625,722.7054443359375,172165
2018-04-04,862.7000122070312,883.1500244140625,852.0499877929688,869.7000122070312,737.8060302734375,405335
2018-04-05,875.0,884.0,862.2000122070312,869.7000122070312,737.8060302734375,115422
2018-04-06,877.8499755859375,994.7999877929688,873.75,917.1500244140625,778.0599975585938,1572359
2018-04-09,917.9500122070312,921.0499877929688,891.0,896.75,760.7538452148438,200731
2018-04-10,903.9500122070312,954.0,899.25,909.7999877929688,771.8246459960938,587521
2018-04-11,916.5999755859375,926.8499755859375,887.4500122070312,898.7000122070312,762.407958984375,480502
2018-04-12,899.7000122070312,937.0,898.7000122070312,925.9000244140625,785.4830932617188,723196
2018-04-13,928.0,932.8499755859375,901.1500244140625,906.75,769.2371215820312,286216
2018-04-16,904.2999877929688,910.2999877929688,891.0,896.0999755859375,760.2022705078125,206161
2018-04-17,904.75,916.9500122070312,895.5,899.8499755859375,763.3836669921875,353361
2018-04-18,906.9000244140625,911.4500122070312,896.5999755859375,898.0,761.814208984375,467179
2018-04-19,901.0499877929688,909.0,880.3499755859375,885.3499755859375,751.0825805664062,331292
2018-04-20,895.0,918.0,895.0,903.9000244140625,766.8194580078125,1087863
2018-04-23,909.7999877929688,944.75,908.9500122070312,931.7999877929688,790.4883422851562,542992
2018-04-24,943.2999877929688,1015.0,930.75,982.2000122070312,833.2449340820312,534463
2018-04-25,980.0,1029.9000244140625,971.1500244140625,1001.2000122070312,849.3634643554688,631627
2018-04-26,1013.2999877929688,1018.0,988.0,997.2999877929688,846.0548095703125,409278
2018-04-27,995.0,1018.0,970.0,1008.75,855.7684326171875,227359
2018-04-30,1005.0,1060.0,990.0499877929688,1036.3499755859375,879.1827392578125,361983
2018-05-02,1044.0,1045.300048828125,995.8499755859375,1003.5499877929688,851.3570556640625,365247
2018-05-03,999.4500122070312,1025.1500244140625,977.0,986.5,836.8927001953125,377088
2018-05-04,987.4500122070312,1008.0,971.2000122070312,975.1500244140625,827.2640991210938,218806
2018-05-07,980.0499877929688,998.9500122070312,961.0499877929688,992.2999877929688,841.8131713867188,109394
2018-05-08,996.0,1009.0,963.1500244140625,969.5499877929688,822.5133666992188,297167
2018-05-09,969.5499877929688,1008.0,969.5499877929688,989.7000122070312,839.6073608398438,450417
2018-05-10,994.5,1025.0,982.0499877929688,995.9000244140625,844.8671875,574659
2018-05-11,1009.0,1123.800048828125,965.5,988.0,838.165283203125,2713494
2018-05-14,970.0,1032.0,960.0,983.5499877929688,834.39013671875,18045827
2018-05-15,997.0,1094.699951171875,990.0,1077.5,914.0922241210938,1634890
2018-05-16,1079.5,1130.0,1070.050048828125,1098.25,931.6953735351562,1488234
2018-05-17,1103.75,1144.800048828125,1100.199951171875,1129.25,957.9940185546875,1018984
2018-05-18,1126.0,1149.9000244140625,1097.1500244140625,1126.800048828125,955.9156494140625,670936
2018-05-21,1129.4000244140625,1129.9000244140625,1068.1500244140625,1082.5,918.3338623046875,398522
2018-05-22,1082.550048828125,1092.9000244140625,1030.0,1063.0999755859375,901.8760375976562,246467
2018-05-23,1071.0,1087.0,1053.949951171875,1080.800048828125,916.891845703125,377799
2018-05-24,1079.300048828125,1108.0,1065.0,1096.550048828125,930.253173828125,348651
2018-05-25,1096.550048828125,1139.9000244140625,1096.550048828125,1118.0,948.4500732421875,396045
2018-05-28,1123.4000244140625,1125.0,1033.25,1060.25,899.458251953125,405630
2018-05-29,1068.3499755859375,1075.0,1025.0,1035.75,878.6737060546875,410042
2018-05-30,1038.5,1066.9000244140625,1033.800048828125,1058.800048828125,898.2281494140625,322757
2018-05-31,1065.0,1110.050048828125,1037.0,1101.0999755859375,934.113037109375,428399
2018-06-01,1096.9000244140625,1096.9000244140625,1045.0,1057.6500244140625,897.2525024414062,297314
2018-06-04,1060.0,1074.5,995.0,1023.8499755859375,868.5785522460938,341355
2018-06-05,1035.0,1057.199951171875,1030.0,1037.0,879.7341918945312,307539
2018-06-06,1044.0,1073.0,1029.550048828125,1058.6500244140625,898.1009521484375,343905
2018-06-07,1069.949951171875,1081.1500244140625,1046.0,1063.8499755859375,902.51220703125,260962
2018-06-08,1049.699951171875,1123.800048828125,1047.0,1111.5,942.9359130859375,368310
2018-06-11,1125.0,1140.0,1102.699951171875,1126.5,955.6611328125,350686
2018-06-12,1124.9000244140625,1136.0,1112.8499755859375,1126.199951171875,955.406494140625,272366
2018-06-13,1125.800048828125,1125.800048828125,1105.0,1113.6500244140625,944.7598876953125,98792
2018-06-14,1113.8499755859375,1122.9000244140625,1093.5999755859375,1105.949951171875,938.2275390625,363833
2018-06-15,1102.0,1108.75,1055.550048828125,1071.550048828125,909.0446166992188,366294
2018-06-18,1068.9000244140625,1121.0,1060.050048828125,1097.9000244140625,931.3984985351562,470948
2018-06-19,1096.949951171875,1118.800048828125,1071.0,1078.75,915.152587890625,349446
2018-06-20,1085.050048828125,1099.0,1051.5999755859375,1060.550048828125,899.7128295898438,122942
2018-06-21,1060.949951171875,1115.75,1060.949951171875,1097.5999755859375,931.14404296875,748884
2018-06-22,1099.699951171875,1120.0,1090.3499755859375,1099.0999755859375,932.4164428710938,364897
2018-06-25,1095.0,1104.550048828125,1072.050048828125,1089.6500244140625,924.3995361328125,232644
2018-06-26,1086.0,1113.5999755859375,1066.0,1073.1500244140625,910.4019165039062,377125
2018-06-27,1078.5,1148.0,1074.0,1125.949951171875,955.1945190429688,401601
2018-06-28,1140.0,1155.0,1045.0,1058.550048828125,898.0160522460938,492116
2018-06-29,1077.699951171875,1094.0,1070.0,1084.199951171875,919.776123046875,388920
2018-07-02,1092.800048828125,1110.0,1070.0,1100.1500244140625,933.3073120117188,180285
2018-07-03,1096.0,1110.0,1062.0,1099.800048828125,933.0101928710938,461917
2018-07-04,1091.0,1115.0,1081.0,1090.0999755859375,924.78125,302162
2018-07-05,1103.0,1103.0,1077.0999755859375,1087.1500244140625,922.27880859375,251584
2018-07-06,1086.0,1122.9000244140625,1086.0,1109.3499755859375,941.1119384765625,398596
2018-07-09,1110.699951171875,1150.6500244140625,1092.949951171875,1117.75,948.2380981445312,410395
2018-07-10,1120.0,1148.4000244140625,1115.25,1131.5,959.9027099609375,405418
2018-07-11,1130.0,1157.5,1122.5,1147.6500244140625,973.603515625,461112
2018-07-12,1145.0,1184.949951171875,1143.0,1167.0999755859375,990.1038818359375,392599
2018-07-13,1175.0,1222.949951171875,1175.0,1214.300048828125,1030.1458740234375,664667
2018-07-16,1220.0,1234.25,1175.0999755859375,1204.4000244140625,1021.747314453125,315624
2018-07-17,1219.0,1219.0,1139.3499755859375,1152.949951171875,978.0999145507812,343165
2018-07-18,1152.0,1194.699951171875,1126.0,1136.800048828125,964.3991088867188,388239
2018-07-19,1145.9000244140625,1164.6500244140625,1136.3499755859375,1148.0,973.900634765625,260497
2018-07-20,1145.0,1189.0,1141.1500244140625,1162.3499755859375,986.0743408203125,394162
2018-07-23,1158.0,1166.949951171875,1100.800048828125,1127.4000244140625,956.4246215820312,328041
2018-07-24,1142.0999755859375,1179.9000244140625,1123.75,1171.199951171875,993.58203125,324772
2018-07-25,1171.199951171875,1248.449951171875,1140.050048828125,1175.0,996.8058471679688,509401
2018-07-26,1155.0,1164.699951171875,1115.0999755859375,1125.3499755859375,971.2168579101562,381607
2018-07-27,1130.0,1148.0,1115.0,1121.199951171875,967.6353759765625,172802
2018-07-30,1121.0,1135.0,1103.0,1108.300048828125,956.5021362304688,108925
2018-07-31,1115.0,1166.949951171875,1111.25,1151.75,994.0010375976562,643652
2018-08-01,1163.699951171875,1226.1500244140625,1153.25,1204.9000244140625,1039.8714599609375,522829
2018-08-02,1207.9000244140625,1224.0,1158.0,1178.75,1017.3028564453125,320223
2018-08-03,1215.0,1225.0,1188.0,1199.8499755859375,1035.5130615234375,485516
2018-08-06,1202.0,1208.800048828125,1172.0,1175.0,1014.0664672851562,178911
2018-08-07,1183.800048828125,1198.0,1183.800048828125,1190.300048828125,1027.27099609375,204537
2018-08-08,1206.9000244140625,1206.9000244140625,1140.199951171875,1149.550048828125,992.1024780273438,818298
2018-08-09,1152.800048828125,1161.25,1148.0,1150.699951171875,993.0949096679688,253951
2018-08-10,1157.9000244140625,1178.8499755859375,1150.0,1153.050048828125,995.1228637695312,484358
2018-08-13,1153.050048828125,1172.800048828125,1152.0,1168.449951171875,1008.4137573242188,302968
2018-08-14,1174.0,1174.949951171875,1150.0,1163.25,1003.92578125,509356
2018-08-16,1164.0,1198.5,1163.0,1187.3499755859375,1024.72509765625,504536
2018-08-17,1198.9000244140625,1219.050048828125,1173.1500244140625,1186.9000244140625,1024.3367919921875,472611
2018-08-20,1199.0,1205.0,1190.25,1198.0,1033.91650390625,219838
2018-08-21,1199.800048828125,1209.9000244140625,1181.949951171875,1197.4000244140625,1033.3985595703125,404989
2018-08-23,1208.800048828125,1228.9000244140625,1198.5,1218.949951171875,1051.996826171875,438459
2018-08-24,1225.0,1264.5,1222.050048828125,1255.5999755859375,1083.627197265625,605113
2018-08-27,1265.0,1278.800048828125,1255.0,1268.8499755859375,1095.0625,398354
2018-08-28,1265.0999755859375,1269.949951171875,1235.5,1248.300048828125,1077.3270263671875,268087
2018-08-29,1251.800048828125,1259.550048828125,1237.699951171875,1247.75,1076.8524169921875,194079
2018-08-30,1250.199951171875,1268.0,1247.5,1260.699951171875,1088.0286865234375,332701
2018-08-31,1262.0,1270.0,1247.0999755859375,1260.0,1087.424560546875,314546
2018-09-03,1268.9000244140625,1276.550048828125,1238.199951171875,1247.949951171875,1077.0250244140625,324353
2018-09-04,1248.0,1271.0,1246.0,1268.199951171875,1094.50146484375,504315
2018-09-05,1270.75,1271.0,1229.75,1238.25,1068.6536865234375,446305
2018-09-06,1247.800048828125,1249.9000244140625,1234.0,1245.300048828125,1074.7379150390625,275643
2018-09-07,1249.0,1261.050048828125,1232.1500244140625,1238.9000244140625,1069.214599609375,453294
2018-09-10,1242.800048828125,1243.4000244140625,1230.25,1238.5,1068.8692626953125,286895
2018-09-11,1244.0,1265.0,1233.550048828125,1259.300048828125,1086.820556640625,496615
2018-09-12,1260.0,1261.0,1245.25,1257.0,1084.83544921875,234658
2018-09-14,1259.699951171875,1259.699951171875,1234.1500244140625,1237.800048828125,1068.2652587890625,251206
2018-09-17,1237.800048828125,1241.3499755859375,1221.3499755859375,1225.050048828125,1057.2615966796875,266585
2018-09-18,1228.699951171875,1228.699951171875,1201.050048828125,1214.800048828125,1048.415283203125,263256
2018-09-19,1217.5999755859375,1229.0,1211.050048828125,1224.949951171875,1057.17529296875,237032
2018-09-21,1222.3499755859375,1226.3499755859375,1182.449951171875,1187.5,1024.8546142578125,534896
2018-09-24,1202.199951171875,1213.75,1187.0,1188.5999755859375,1025.8038330078125,437692
2018-09-25,1194.800048828125,1200.949951171875,1171.25,1189.0999755859375,1026.2353515625,618620
2018-09-26,1195.0999755859375,1198.699951171875,1171.25,1180.449951171875,1018.77001953125,423917
2018-09-27,1182.0,1183.5,1148.0999755859375,1160.0,1001.12109375,586821
2018-09-28,1166.0,1187.5999755859375,1152.1500244140625,1173.25,1012.5562744140625,807904
2018-10-01,1173.0,1178.9000244140625,1156.1500244140625,1159.9000244140625,1001.0347290039062,211299
2018-10-03,1176.0,1183.0,1158.0,1159.4000244140625,1000.6033325195312,707910
2018-10-04,1160.949951171875,1163.9000244140625,1140.25,1148.0999755859375,990.850830078125,592294
2018-10-05,1148.0,1154.8499755859375,1115.5999755859375,1120.5999755859375,967.117431640625,621187
2018-10-08,1127.0,1132.050048828125,1090.1500244140625,1098.199951171875,947.7854614257812,542509
2018-10-09,1104.0,1104.0,1052.5999755859375,1064.699951171875,918.873779296875,672251
2018-10-10,1070.0,1094.199951171875,1065.0999755859375,1078.9000244140625,931.12890625,529415
2018-10-11,1060.0,1066.449951171875,1020.2000122070312,1025.6500244140625,885.1723022460938,892724
2018-10-12,1037.0,1054.25,999.0999755859375,1008.25,870.1554565429688,879375
2018-10-15,1015.3499755859375,1090.0,1009.0,1085.300048828125,936.65234375,572630
2018-10-16,1092.0,1133.9000244140625,1090.0,1129.550048828125,974.8416137695312,751752
2018-10-17,1139.0,1145.4000244140625,1103.0999755859375,1123.75,969.8359985351562,441741
2018-10-19,1104.949951171875,1120.0,1062.0,1067.5999755859375,921.3765258789062,1025048
2018-10-22,1093.0,1104.75,1066.699951171875,1075.6500244140625,928.3240356445312,793925
2018-10-23,1080.0,1080.0,1052.0,1065.300048828125,919.3916625976562,755601
2018-10-24,980.0,1033.949951171875,965.0,1022.9000244140625,882.7988891601562,1251542
2018-10-25,1003.3499755859375,1010.0,962.0,972.0,838.870361328125,469451
2018-10-26,969.0,1024.0,958.0,1010.0999755859375,871.7520141601562,429284
2018-10-29,1011.0,1022.0999755859375,970.0,978.5999755859375,844.5664672851562,482467
2018-10-30,979.0,979.0,938.0,955.0999755859375,824.2850952148438,764902
2018-10-31,957.0,1004.9500122070312,955.9500122070312,986.9500122070312,851.772705078125,1168071
2018-11-01,993.0999755859375,998.5999755859375,970.0499877929688,972.9000244140625,839.6471557617188,294248
2018-11-02,975.0,982.6500244140625,941.5999755859375,950.75,820.5308837890625,461705
2018-11-05,952.0,984.0,929.1500244140625,941.75,812.7635498046875,469130
2018-11-06,936.0,936.0,905.0,910.0999755859375,785.448486328125,472614
2018-11-07,922.5,935.0,912.25,929.5,802.1914672851562,66436
2018-11-09,939.3499755859375,952.0,911.3499755859375,948.0,818.1575317382812,439564
2018-11-12,952.7999877929688,977.8499755859375,951.5,970.5999755859375,837.6622314453125,400506
2018-11-13,973.0,973.0499877929688,932.3499755859375,965.9000244140625,833.6058959960938,559017
2018-11-14,963.0,965.9000244140625,933.0499877929688,955.0,824.1988525390625,481905
2018-11-15,957.0,966.0,941.2000122070312,947.7999877929688,817.9849243164062,175138
2018-11-16,948.0499877929688,958.25,943.0,953.9000244140625,823.24951171875,89001
2018-11-19,951.2000122070312,955.25,943.4000244140625,949.0999755859375,819.1069946289062,64172
2018-11-20,946.0,951.9000244140625,922.0,930.4000244140625,802.9681396484375,290281
2018-11-21,942.4000244140625,946.0,882.25,905.4000244140625,781.392333984375,613738
2018-11-22,912.0,932.7999877929688,908.0,926.75,799.818115234375,227059
2018-11-26,925.0,925.0,907.5,915.5999755859375,790.1951293945312,189560
2018-11-27,919.7999877929688,932.5,899.0,905.0,781.0470581054688,417703
2018-11-28,920.0,963.0,916.0,955.5,824.6302490234375,868943
2018-11-29,950.0,973.0,932.7999877929688,952.2999877929688,821.8685913085938,548906
2018-11-30,953.0,1020.0,944.1500244140625,1003.1500244140625,865.7540283203125,560282
2018-12-03,1008.7999877929688,1018.1500244140625,989.0999755859375,998.4500122070312,861.69775390625,390997
2018-12-04,992.4000244140625,1009.0,984.0,1001.9500122070312,864.7183227539062,170448
2018-12-05,993.3499755859375,1008.0,983.0499877929688,985.9500122070312,850.9097290039062,180454
2018-12-06,979.8499755859375,1009.9000244140625,972.0499877929688,1004.2999877929688,866.7463989257812,374618
2018-12-07,1008.0,1008.3499755859375,972.7999877929688,983.3499755859375,848.6658935546875,286323
2018-12-10,974.2999877929688,974.2999877929688,949.0999755859375,952.0499877929688,821.6528930664062,207049
2018-12-11,943.0499877929688,970.9000244140625,943.0499877929688,968.0499877929688,835.46142578125,444094
2018-12-12,963.2000122070312,985.0,961.0,965.5499877929688,833.3037719726562,227409
2018-12-13,968.5,983.9500122070312,960.5499877929688,974.25,840.8121948242188,120783
2018-12-14,970.2000122070312,979.0,962.2000122070312,972.1500244140625,838.9998779296875,97499
2018-12-17,991.5999755859375,991.5999755859375,968.0499877929688,976.5,842.754150390625,205473
2018-12-18,971.0,1019.4000244140625,971.0,1005.0999755859375,867.4368896484375,264548
2018-12-19,990.0,1004.9500122070312,983.0,991.4500122070312,855.656494140625,129141
2018-12-20,981.0,995.0,980.0999755859375,985.2999877929688,850.3488159179688,87698
2018-12-21,981.1500244140625,990.0,962.7999877929688,968.5,835.8497314453125,291640
2018-12-24,963.0,1027.0,963.0,1018.1500244140625,878.699462890625,453936
2018-12-26,1014.9000244140625,1038.0,1004.5499877929688,1014.7999877929688,875.808349609375,537001
2018-12-27,1002.4500122070312,1009.5,969.0,982.25,847.716552734375,664879
2018-12-28,980.0,1015.0,974.0999755859375,1004.0499877929688,866.5307006835938,464336
2018-12-31,999.0,1025.0,982.5,1018.4500122070312,878.9583740234375,494151
2019-01-01,1019.0,1020.0,999.0999755859375,1005.5999755859375,867.8682861328125,114361
2019-01-02,1004.5,1009.75,988.0,989.4000244140625,853.88720703125,152577
2019-01-03,989.0,999.0,945.0,948.7999877929688,818.8479614257812,561410
2019-01-04,948.9500122070312,958.7000122070312,916.0,930.4500122070312,803.0112915039062,466413
2019-01-07,940.0,944.0,920.0,925.2999877929688,798.566650390625,203261
2019-01-08,924.0,930.0499877929688,920.5999755859375,924.7999877929688,798.1351928710938,187824
2019-01-09,925.0,927.9500122070312,896.4500122070312,904.9500122070312,781.00390625,389089
2019-01-10,904.0,917.0999755859375,890.0,903.5499877929688,779.7955932617188,375233
2019-01-11,900.0,905.0499877929688,886.0,899.1500244140625,775.9982299804688,246122
2019-01-14,896.0,909.4500122070312,859.5999755859375,876.4500122070312,756.4074096679688,431765
2019-01-15,873.5,887.8499755859375,869.1500244140625,876.4500122070312,756.4074096679688,168134
2019-01-16,880.0,884.75,858.0,863.2000122070312,744.9722290039062,271073
2019-01-17,867.7000122070312,905.25,864.5999755859375,900.7000122070312,777.3359985351562,537130
2019-01-18,901.0499877929688,909.7999877929688,861.25,871.5999755859375,752.2216186523438,322628
2019-01-21,868.0,879.9000244140625,861.3499755859375,877.0499877929688,756.9252319335938,213991
2019-01-22,875.5,875.5,863.0999755859375,871.2000122070312,751.87646484375,185590
2019-01-23,868.0999755859375,904.5,868.0999755859375,897.9500122070312,774.962646484375,442978
2019-01-24,899.9500122070312,925.0,899.0,921.25,795.0713500976562,522968
2019-01-25,922.0,934.9000244140625,901.0,920.9000244140625,794.769287109375,561635
2019-01-28,915.0,945.9000244140625,901.0,940.9500122070312,812.0731201171875,326801
2019-01-29,935.0,979.0,935.0,972.7999877929688,839.560791015625,580973
2019-01-30,980.0,1016.0,978.0,1011.2000122070312,872.701416015625,872640
2019-01-31,1010.9000244140625,1027.699951171875,981.1500244140625,1002.6500244140625,865.3224487304688,631600
2019-02-01,997.0499877929688,1023.9000244140625,994.5,1009.75,871.449951171875,236768
2019-02-04,1014.0,1024.800048828125,1000.2000122070312,1016.5499877929688,877.318603515625,124350
2019-02-05,1020.0,1041.800048828125,1004.1500244140625,1017.75,878.3543090820312,436062
2019-02-06,1022.0,1042.0,1015.0,1026.3499755859375,885.7763671875,232767
2019-02-07,1029.9000244140625,1030.0,1010.0499877929688,1022.9000244140625,882.7988891601562,126029
2019-02-08,1012.0999755859375,1028.0,1012.0999755859375,1019.75,880.0803833007812,131556
2019-02-11,1019.75,1024.0,987.3499755859375,996.6500244140625,860.1442260742188,240162
2019-02-12,996.7000122070312,1024.949951171875,992.25,1021.25,881.3748779296875,167643
2019-02-14,1032.5999755859375,1051.0,1029.3499755859375,1048.6500244140625,905.0220947265625,289882
2019-02-15,1050.0,1063.0,1040.0,1053.75,909.423583984375,332370
2019-02-18,1044.0,1051.8499755859375,1033.25,1041.199951171875,898.5924072265625,114685
2019-02-19,1035.1500244140625,1052.699951171875,1034.9000244140625,1044.449951171875,901.3972778320312,102717
2019-02-20,1044.0,1046.800048828125,1030.0999755859375,1041.25,898.6356201171875,378680
2019-02-21,1035.949951171875,1041.199951171875,1014.25,1019.25,879.6487426757812,129640
2019-02-22,1013.0999755859375,1024.449951171875,992.0,1016.2000122070312,877.0165405273438,291798
2019-02-25,1013.25,1032.0,1006.0499877929688,1022.7999877929688,882.712646484375,168525
2019-02-26,1013.0,1034.5,1003.75,1027.3499755859375,886.639404296875,91221
2019-02-27,1023.2000122070312,1045.0,1006.5499877929688,1038.0999755859375,895.9170532226562,171124
2019-02-28,1045.0,1059.9000244140625,1020.9500122070312,1041.199951171875,898.5924072265625,184948
2019-03-01,1043.550048828125,1049.5,1026.0,1033.25,891.7313232421875,78111
2019-03-05,1027.9000244140625,1027.9000244140625,1005.5,1009.9500122070312,871.6226806640625,377949
2019-03-06,1012.25,1016.9500122070312,979.0,990.9500122070312,855.224853515625,247656
2019-03-07,989.9500122070312,1003.0499877929688,972.5499877929688,996.5999755859375,860.1010131835938,186591
2019-03-08,995.0,999.0,976.5,980.75,846.4219360351562,440620
2019-03-11,976.0999755859375,1002.9000244140625,973.5499877929688,993.2999877929688,857.2530517578125,268768
2019-03-12,1000.0,1001.9500122070312,983.0,990.75,855.0523071289062,282350
2019-03-13,983.0,988.0,971.9000244140625,975.7000122070312,842.063720703125,99694
2019-03-14,982.4500122070312,982.4500122070312,957.0,958.5,827.2193603515625,265217
2019-03-15,960.0,993.9000244140625,954.4000244140625,987.6500244140625,852.376953125,311800
2019-03-18,992.9000244140625,1005.6500244140625,968.0,970.4500122070312,837.5326538085938,166565
2019-03-19,975.4000244140625,990.9500122070312,961.0,978.5999755859375,844.5664672851562,256597
2019-03-20,982.0499877929688,993.0,980.0,986.7000122070312,851.5570678710938,217489
2019-03-22,979.7000122070312,1001.0,936.4500122070312,975.8499755859375,842.1930541992188,285338
2019-03-25,975.8499755859375,975.8499755859375,946.0,950.2000122070312,820.0562744140625,166240
2019-03-26,952.0,961.9500122070312,940.0999755859375,952.6500244140625,822.170654296875,142163
2019-03-27,952.9000244140625,955.7000122070312,937.0,950.5999755859375,820.4014282226562,215002
2019-03-28,946.0,977.1500244140625,940.5,965.2999877929688,833.0880737304688,373114
2019-04-01,997.25,1017.4000244140625,975.25,986.75,851.6001586914062,141374
2019-04-02,988.0,1004.0,975.0999755859375,991.5,855.6995849609375,117728
2019-04-03,995.0,995.0999755859375,974.0999755859375,978.2000122070312,844.22119140625,83712
2019-04-04,984.9000244140625,984.9000244140625,961.0499877929688,978.2999877929688,844.3074951171875,150903
2019-04-05,982.0,985.0,970.0999755859375,975.3499755859375,841.761474609375,186856
2019-04-08,976.0,981.0,965.0999755859375,976.6500244140625,842.8836059570312,483473
2019-04-09,979.75,992.0,968.0,986.2999877929688,851.2117919921875,271133
2019-04-10,980.2999877929688,998.7999877929688,968.0,995.7000122070312,859.3242797851562,266092
2019-04-11,989.7000122070312,1015.0,986.0,1011.2999877929688,872.7876586914062,315339
2019-04-12,1013.0499877929688,1014.3499755859375,985.2999877929688,991.2000122070312,855.440673828125,160330
2019-04-15,998.8499755859375,1003.75,977.2000122070312,994.5499877929688,858.331787109375,262311
2019-04-16,993.2000122070312,993.2000122070312,977.0,980.6500244140625,846.335693359375,108353
2019-04-18,982.0,984.8499755859375,971.0999755859375,978.6500244140625,844.6096801757812,131209
2019-04-22,978.0,985.0499877929688,972.1500244140625,983.0,848.36376953125,59539
2019-04-23,983.0,985.7999877929688,961.0499877929688,964.3499755859375,832.26806640625,182370
2019-04-24,969.6500244140625,973.0,960.5,966.0,833.6922607421875,60014
2019-04-25,971.9500122070312,971.9500122070312,950.0,952.5499877929688,822.0843505859375,87048
2019-04-26,959.0,967.7999877929688,950.5499877929688,959.4000244140625,827.9961547851562,102093
2019-04-30,959.5999755859375,981.4500122070312,951.3499755859375,969.4000244140625,836.6265258789062,195756
2019-05-02,972.7000122070312,987.7999877929688,963.0499877929688,982.0,847.500732421875,280825
2019-05-03,981.0999755859375,981.9500122070312,962.4000244140625,972.0,838.870361328125,113515
2019-05-06,970.0,976.0,953.2999877929688,969.7000122070312,836.885498046875,99845
2019-05-07,966.4500122070312,975.5499877929688,961.0999755859375,965.2999877929688,833.0880737304688,63147
2019-05-08,960.25,967.5999755859375,950.0,952.75,822.2568969726562,80468
2019-05-09,952.0,952.0,930.0,946.1500244140625,816.56103515625,440498
2019-05-10,940.0,955.5,938.0999755859375,950.5,820.3151245117188,190930
2019-05-13,950.5,954.0,944.6500244140625,951.0,820.7467651367188,133363
2019-05-14,956.5,967.7000122070312,949.0,963.5,831.5346069335938,125428
2019-05-15,957.0999755859375,969.5999755859375,953.7999877929688,958.9000244140625,827.564697265625,544462
2019-05-16,953.5,959.3499755859375,935.0499877929688,948.25,818.3734130859375,141863
2019-05-17,946.8499755859375,954.3499755859375,932.0499877929688,945.7999877929688,816.2587890625,97658
2019-05-20,952.0,954.0,918.1500244140625,945.4000244140625,815.9136352539062,194289
2019-05-21,945.0,947.9500122070312,936.4000244140625,943.2000122070312,814.0150756835938,107358
2019-05-22,947.7000122070312,969.9000244140625,917.5499877929688,963.0999755859375,831.1893310546875,240898
2019-05-23,965.0,971.3499755859375,940.0999755859375,967.8499755859375,835.288818359375,154765
2019-05-24,962.0,962.5,920.0499877929688,949.7999877929688,819.7109985351562,408768
2019-05-27,943.8499755859375,948.5999755859375,933.2000122070312,936.3499755859375,808.1032104492188,84149
2019-05-28,947.0999755859375,970.0,935.5,951.6500244140625,821.3076782226562,182648
2019-05-29,935.0499877929688,969.9500122070312,935.0499877929688,962.1500244140625,830.3695068359375,319320
2019-05-30,954.4000244140625,1003.0,952.2000122070312,1001.0999755859375,863.9847412109375,477204
2019-05-31,1002.0,1005.0499877929688,963.3499755859375,993.8499755859375,857.7276611328125,298108
2019-06-03,985.7999877929688,1000.0,978.0499877929688,988.5999755859375,853.1968383789062,142970
2019-06-04,984.2000122070312,989.4000244140625,965.0999755859375,969.5499877929688,836.7559204101562,322288
2019-06-06,965.3499755859375,976.75,962.0499877929688,972.25,839.0861206054688,70167
2019-06-07,970.0,974.0,951.5,955.25,824.4146118164062,102049
2019-06-10,962.4000244140625,965.4000244140625,951.5,962.7000122070312,830.8441772460938,126641
2019-06-11,962.9500122070312,962.9500122070312,941.5,945.3499755859375,815.8704833984375,278063
2019-06-12,952.75,975.0,930.2000122070312,970.2000122070312,837.3170166015625,425662
2019-06-13,968.6500244140625,989.7999877929688,962.0,979.5499877929688,845.3863525390625,442558
2019-06-14,977.0,977.0,950.0999755859375,957.9500122070312,826.7448120117188,87537
2019-06-17,957.7999877929688,977.3499755859375,955.1500244140625,965.1500244140625,832.9586791992188,148212
2019-06-18,961.5,978.0,961.5,974.1500244140625,840.7258911132812,51406
2019-06-19,976.0,983.0,963.25,979.2999877929688,845.1705322265625,163547
2019-06-20,972.4000244140625,980.5,957.5499877929688,972.9500122070312,839.6903686523438,49983
2019-06-21,973.7000122070312,975.5,935.0999755859375,940.4000244140625,811.5985107421875,331886
2019-06-24,941.0999755859375,966.0,939.8499755859375,963.2999877929688,831.3619995117188,66038
2019-06-25,958.0999755859375,970.8499755859375,951.5499877929688,968.5,835.8497314453125,47133
2019-06-26,962.0999755859375,968.0,956.4500122070312,961.5999755859375,829.8947143554688,44441
2019-06-27,964.0,998.7999877929688,958.9500122070312,990.8499755859375,855.1386108398438,226987
2019-06-28,995.7999877929688,1017.9000244140625,975.2999877929688,1004.0999755859375,866.5737915039062,247684
2019-07-01,1010.0,1015.75,983.0999755859375,990.7000122070312,855.0092163085938,378793
2019-07-02,998.5499877929688,998.5499877929688,970.0999755859375,972.6500244140625,839.4314575195312,359954
2019-07-03,974.7000122070312,1000.0,974.0,988.9500122070312,853.4988403320312,165439
2019-07-04,989.2000122070312,999.9500122070312,982.2000122070312,994.4000244140625,858.2024536132812,109226
2019-07-05,988.25,991.9500122070312,975.2999877929688,981.9500122070312,847.4575805664062,178833
2019-07-08,979.4000244140625,979.4000244140625,954.0,966.0499877929688,833.7353515625,117784
2019-07-09,970.0,985.0,938.1500244140625,943.0,813.8424072265625,182904
2019-07-10,953.5999755859375,954.0,940.0,944.0499877929688,814.74853515625,116133
2019-07-11,932.9500122070312,949.7000122070312,927.0499877929688,943.0499877929688,837.8480224609375,136893
2019-07-12,942.1500244140625,949.0,931.0,945.0499877929688,839.625,167814
2019-07-15,940.0,947.25,931.2000122070312,935.2999877929688,830.9627075195312,240010
2019-07-16,938.6500244140625,939.75,915.25,922.5499877929688,819.635009765625,215781
2019-07-17,924.5499877929688,934.5,910.0,919.2999877929688,816.74755859375,252109
2019-07-18,921.9500122070312,940.9000244140625,915.25,933.9500122070312,829.7632446289062,186943
2019-07-19,930.2999877929688,939.0,925.0499877929688,931.9000244140625,827.9420166015625,206510
2019-07-22,916.5,931.9000244140625,907.0999755859375,918.9000244140625,816.3922729492188,399758
2019-07-23,917.2999877929688,930.0,910.0,915.75,813.5936279296875,165872
2019-07-24,918.7999877929688,921.9000244140625,908.75,914.0,812.038818359375,143405
2019-07-25,913.75,940.0,906.0,921.6500244140625,818.8355102539062,227303
2019-07-26,924.7999877929688,938.9000244140625,890.2000122070312,929.7000122070312,825.9874267578125,737677
2019-07-29,927.7000122070312,958.8499755859375,923.0999755859375,954.3499755859375,847.8875122070312,463070
2019-07-30,949.6500244140625,966.0,943.75,958.6500244140625,851.7078857421875,331318
2019-07-31,958.0,958.0,926.1500244140625,938.9000244140625,834.1611328125,935353
2019-08-01,938.0,938.0,905.0499877929688,911.6500244140625,809.950927734375,212172
2019-08-02,905.2000122070312,929.9000244140625,905.2000122070312,927.1500244140625,823.7218627929688,174398
2019-08-05,920.5999755859375,954.0,911.0,944.5499877929688,839.1807861328125,206639
2019-08-06,946.0,969.0,928.8499755859375,963.7000122070312,856.194580078125,220286
2019-08-07,956.0,970.0,956.0,965.2000122070312,857.5271606445312,80447
2019-08-08,965.2000122070312,969.5,960.0,961.8499755859375,854.5508422851562,43731
2019-08-09,961.7999877929688,964.0499877929688,958.0499877929688,960.2000122070312,853.0849609375,128180
2019-08-13,950.0999755859375,968.0,930.6500244140625,962.0,854.6842041015625,100042
2019-08-14,962.0,968.1500244140625,958.0,967.0999755859375,859.2151489257812,62591
2019-08-16,960.2000122070312,979.4000244140625,958.5999755859375,977.25,868.23291015625,128244
2019-08-19,977.0,989.0499877929688,962.0,968.5999755859375,860.5479125976562,120080
2019-08-20,970.0,976.4500122070312,963.2999877929688,975.1500244140625,866.3671875,78737
2019-08-21,977.0499877929688,978.0,955.6500244140625,972.0999755859375,863.657470703125,93578
2019-08-22,965.0999755859375,974.0,954.0499877929688,964.8499755859375,857.2162475585938,132065
2019-08-23,960.5499877929688,985.9000244140625,960.5499877929688,982.75,873.119384765625,109796
2019-08-26,984.5,999.5,969.5,985.25,875.3404541015625,68222
2019-08-27,981.1500244140625,991.0,960.0,966.75,858.904296875,189551
2019-08-28,967.0499877929688,983.5999755859375,962.0499877929688,977.75,868.6771850585938,117632
2019-08-29,978.0,978.0,961.5499877929688,968.0,860.0148315429688,101768
2019-08-30,967.9000244140625,978.9000244140625,961.0499877929688,975.7999877929688,866.9447021484375,63894
2019-09-03,982.75,982.75,970.0,978.25,869.1213989257812,44112
2019-09-04,974.0,990.0,966.0999755859375,972.7999877929688,864.279296875,137316
2019-09-05,968.4500122070312,972.5,961.0999755859375,968.1500244140625,860.1480712890625,148711
2019-09-06,965.0,974.3499755859375,962.4000244140625,970.7999877929688,862.5025024414062,51047
2019-09-09,972.9000244140625,999.3499755859375,964.0999755859375,997.9000244140625,886.579345703125,135179
2019-09-11,994.0,997.0,981.0,990.2000122070312,879.7383422851562,169049
2019-09-12,992.0,994.75,983.0999755859375,986.9500122070312,876.850830078125,34304
2019-09-13,987.9000244140625,992.0,977.2000122070312,990.0999755859375,879.6494140625,137322
2019-09-16,986.5,993.7999877929688,985.0999755859375,990.4000244140625,879.916015625,73954
2019-09-17,987.3499755859375,989.9500122070312,975.75,980.9000244140625,871.4757690429688,93762
2019-09-18,981.7999877929688,987.9500122070312,974.0,983.8499755859375,874.0966796875,54901
2019-09-19,985.0,985.2999877929688,956.3499755859375,967.5499877929688,859.614990234375,110789
2019-09-20,970.8499755859375,990.9000244140625,961.0,972.5499877929688,864.0573120117188,200626
2019-09-23,974.9000244140625,979.2000122070312,945.2999877929688,958.0,851.1304321289062,290786
2019-09-24,964.5499877929688,982.3499755859375,938.2999877929688,966.0999755859375,858.3267211914062,230806
2019-09-25,972.0,972.0,945.25,959.2000122070312,852.1964721679688,105233
2019-09-26,957.0499877929688,958.9500122070312,941.0999755859375,946.5499877929688,840.9576416015625,202791
2019-09-27,947.0,955.0,935.0,938.4000244140625,833.7169189453125,43081
2019-09-30,940.5,964.2000122070312,935.25,957.0,850.2420043945312,351372
2019-10-01,957.0999755859375,962.9500122070312,934.4000244140625,937.4500122070312,832.8728637695312,583671
2019-10-03,940.0,944.75,936.2000122070312,937.75,833.1393432617188,173642
2019-10-04,940.0,947.5499877929688,936.0,938.7000122070312,833.9833984375,256231
2019-10-07,946.7000122070312,959.25,935.1500244140625,953.4500122070312,847.0880126953125,277972
2019-10-09,951.5999755859375,951.5999755859375,924.2000122070312,929.4000244140625,825.7208862304688,264606
2019-10-10,929.9000244140625,939.0,900.0499877929688,909.2000122070312,807.7742919921875,408474
2019-10-11,914.4500122070312,914.4500122070312,880.0999755859375,884.0999755859375,785.4742431640625,377223
2019-10-14,889.1500244140625,909.0,887.0,904.6500244140625,803.7318115234375,107137
2019-10-15,901.0,922.9500122070312,901.0,921.5,818.7020263671875,114430
2019-10-16,917.0,925.0,909.0,921.75,818.9242553710938,45483
2019-10-17,924.0,924.9500122070312,917.0999755859375,923.6500244140625,820.6123046875,49462
2019-10-18,924.9500122070312,943.0,918.0499877929688,935.8499755859375,831.4512939453125,187638
2019-10-22,920.0,927.8499755859375,902.5,915.1500244140625,813.060546875,108447
2019-10-23,910.5,938.0,910.5,927.2999877929688,823.8551025390625,183316
2019-10-24,921.5499877929688,942.8499755859375,898.5,927.4000244140625,823.9439086914062,340867
2019-10-25,931.75,948.9500122070312,921.0,944.75,839.3584594726562,122543
2019-10-27,944.0,944.0,927.0,937.1500244140625,832.6062622070312,3979
2019-10-29,944.0,955.9000244140625,921.9000244140625,948.7999877929688,842.9566650390625,100150
2019-10-30,948.0,948.0,933.0999755859375,939.75,834.916259765625,203000
2019-10-31,935.1500244140625,957.0,935.0,950.25,844.2449340820312,299095
2019-11-01,945.0999755859375,954.9500122070312,942.4500122070312,951.8499755859375,845.6664428710938,59602
2019-11-04,951.2000122070312,954.75,935.4500122070312,938.9500122070312,834.2055053710938,74942
2019-11-05,937.0499877929688,940.4000244140625,913.0,914.5999755859375,812.57177734375,168201
2019-11-06,915.0,920.4500122070312,908.0999755859375,915.1500244140625,813.060546875,63133
2019-11-07,918.3499755859375,920.0,900.25,904.7000122070312,803.7762451171875,58656
2019-11-08,904.7000122070312,914.0,875.0999755859375,879.5499877929688,781.431884765625,100609
2019-11-11,874.2000122070312,894.0,874.2000122070312,890.8499755859375,791.4713134765625,81044
2019-11-13,897.0,899.4500122070312,882.0999755859375,891.3499755859375,791.91552734375,143355
2019-11-14,891.3499755859375,899.0,887.0,893.3499755859375,793.6924438476562,78354
2019-11-15,898.5999755859375,914.0,885.0,907.0999755859375,805.9085693359375,129296
2019-11-18,913.0,930.4000244140625,908.0499877929688,922.0499877929688,819.1907958984375,758777
2019-11-19,925.0,925.0,908.0,914.25,812.2609252929688,107320
2019-11-20,910.2000122070312,917.8499755859375,904.0,910.5999755859375,809.01806640625,111307
2019-11-21,906.0,910.0,881.7000122070312,890.1500244140625,790.8494262695312,114983
2019-11-22,891.0,891.0,850.3499755859375,857.7999877929688,762.108154296875,474983
2019-11-25,863.0,881.0,860.0499877929688,878.5999755859375,780.5878295898438,154970
2019-11-26,880.0,882.9000244140625,830.0,840.3499755859375,746.6048583984375,144288
2019-11-27,837.5999755859375,845.0,827.75,833.7999877929688,740.7854614257812,1069634
2019-11-28,837.8499755859375,867.7999877929688,836.6500244140625,855.1500244140625,759.7538452148438,247582
2019-11-29,855.9500122070312,887.5499877929688,846.5,878.3499755859375,780.36572265625,131681
2019-12-02,875.5999755859375,878.3499755859375,864.0,871.0,773.8356323242188,225320
2019-12-03,866.5999755859375,868.5999755859375,840.0,847.9000244140625,753.3125610351562,170725
2019-12-04,851.9500122070312,870.0,846.0999755859375,869.25,772.2808837890625,105926
2019-12-05,869.0,869.0,852.5499877929688,854.2999877929688,758.9985961914062,104463
2019-12-06,859.5999755859375,859.5999755859375,832.9000244140625,843.4500122070312,749.3589477539062,308098
2019-12-09,845.0,882.0,845.0,877.0,779.166259765625,78382
2019-12-10,870.0,875.4000244140625,854.2000122070312,871.4500122070312,774.2354736328125,62057
2019-12-11,871.4000244140625,871.4000244140625,852.6500244140625,856.2999877929688,760.7755126953125,132421
2019-12-12,856.0,874.9000244140625,848.25,865.4500122070312,768.90478515625,132663
2019-12-13,868.0,877.3499755859375,854.3499755859375,865.5999755859375,769.0379638671875,101712
2019-12-16,869.0,872.5999755859375,852.25,861.5999755859375,765.4841918945312,206311
2019-12-17,866.9500122070312,874.0,857.25,870.0999755859375,773.0360717773438,107549
2019-12-18,869.0,869.0,862.0499877929688,864.9500122070312,768.4605712890625,122718
2019-12-19,868.9500122070312,868.9500122070312,857.5,864.8499755859375,768.3717041015625,40777
2019-12-20,874.9500122070312,883.0,865.0499877929688,870.0999755859375,773.0360717773438,400304
2019-12-23,872.0,882.0,858.1500244140625,880.0499877929688,781.8760375976562,120484
2019-12-24,879.75,880.0,865.2000122070312,871.2999877929688,774.1021118164062,33755
2019-12-26,871.0,897.4500122070312,866.0999755859375,888.4500122070312,789.3390502929688,87514
2019-12-27,886.0,904.0,871.5499877929688,893.0999755859375,793.4702758789062,156287
2019-12-30,891.0,912.7999877929688,884.4000244140625,908.1500244140625,806.8414916992188,90869
2019-12-31,908.1500244140625,932.7999877929688,898.25,922.25,819.3684692382812,211177
2020-01-01,927.0,929.0,913.5499877929688,923.7999877929688,820.74560546875,131875
2020-01-02,923.7999877929688,926.5,890.5,894.0499877929688,794.3143310546875,360884
2020-01-03,894.0,900.7999877929688,878.4500122070312,883.7000122070312,785.1188354492188,235166
2020-01-06,883.0,883.0,868.0499877929688,875.2000122070312,777.5671997070312,99636
2020-01-07,878.0,898.5999755859375,877.0499877929688,885.7999877929688,786.9845581054688,781520
2020-01-08,884.7999877929688,894.7000122070312,877.0,883.9500122070312,785.3410034179688,151534
2020-01-09,889.5999755859375,889.7000122070312,878.0,883.2999877929688,784.7634887695312,388633
2020-01-10,883.2999877929688,892.0,870.0,876.5,778.7221069335938,43647
2020-01-13,874.0,891.0,872.0999755859375,882.5,784.0528564453125,104195
2020-01-14,889.0,934.9000244140625,883.4000244140625,900.3499755859375,799.9115600585938,787576
2020-01-15,900.2999877929688,910.0,895.0,901.4000244140625,800.8444213867188,75668
2020-01-16,906.9500122070312,908.3499755859375,885.0,889.1500244140625,789.9609375,99901
2020-01-17,893.0,904.5,882.4500122070312,898.0999755859375,797.9125366210938,85568
2020-01-20,898.0999755859375,901.2000122070312,883.25,885.9000244140625,787.073486328125,57759
2020-01-21,883.5,886.7999877929688,878.0,880.0,781.8316650390625,731989
2020-01-22,886.0,894.0,880.0499877929688,888.9000244140625,789.7388305664062,289067
2020-01-23,889.0,914.0499877929688,881.0499877929688,911.0999755859375,809.4623413085938,178428
2020-01-24,915.0,919.9000244140625,900.1500244140625,908.4500122070312,807.1079711914062,340980
2020-01-27,907.9500122070312,909.4500122070312,886.0,891.0999755859375,791.6932983398438,56764
2020-01-28,890.0,927.5,890.0,925.5,822.2559204101562,567745
2020-01-29,933.0,949.7000122070312,930.2999877929688,936.5999755859375,832.1176147460938,140355
2020-01-30,933.0,939.3499755859375,911.1500244140625,918.9500122070312,816.4365844726562,43631
2020-01-31,920.0,932.0,910.0499877929688,929.8499755859375,826.1206665039062,51751
2020-02-03,920.0999755859375,929.2999877929688,884.0,893.8499755859375,794.1365966796875,598456
2020-02-04,895.0499877929688,924.5999755859375,895.0499877929688,913.3499755859375,811.4612426757812,82392
2020-02-05,920.0,923.9000244140625,913.3499755859375,920.9500122070312,818.2135009765625,48743
2020-02-06,923.5999755859375,947.9000244140625,921.7000122070312,942.9500122070312,837.75927734375,169633
2020-02-07,949.0499877929688,956.9500122070312,918.2000122070312,937.4000244140625,832.8284301757812,1380903
2020-02-10,938.7000122070312,942.6500244140625,925.5,930.0499877929688,826.29833984375,193759
2020-02-11,935.2000122070312,938.0499877929688,907.2000122070312,913.2999877929688,811.4168701171875,86789
2020-02-12,918.0,920.0,881.0,889.9500122070312,790.6716918945312,132362
2020-02-13,896.9000244140625,897.5499877929688,884.0,891.7000122070312,792.2265014648438,81925
2020-02-14,888.0,911.2000122070312,888.0,906.75,805.5975341796875,180005
2020-02-17,913.9500122070312,924.0,907.0,916.9500122070312,814.6597290039062,82913
2020-02-18,916.9500122070312,921.0,886.0999755859375,895.1500244140625,795.2916259765625,115579
2020-02-19,900.0,912.3499755859375,892.0,894.9000244140625,795.0695190429688,52228
2020-02-20,896.0,914.5,894.0999755859375,900.6500244140625,800.1780395507812,236728
2020-02-24,900.0,904.9500122070312,885.0,886.1500244140625,787.2955932617188,30909
2020-02-25,888.0,894.0,879.5,884.3499755859375,785.6964111328125,174600
2020-02-26,882.9500122070312,884.0,840.0,851.9000244140625,756.8663940429688,549141
2020-02-27,863.75,900.9000244140625,851.25,896.7000122070312,796.668701171875,258200
2020-02-28,876.7000122070312,892.0,848.0,871.5499877929688,774.3243408203125,266548
2020-03-02,876.0999755859375,888.1500244140625,864.4500122070312,876.5499877929688,778.7665405273438,141075
2020-03-03,878.9500122070312,893.5499877929688,862.1500244140625,873.4500122070312,776.0122680664062,551864
2020-03-04,869.0999755859375,869.9500122070312,814.0,840.0,746.2937622070312,642750
2020-03-05,853.9000244140625,863.3499755859375,820.0999755859375,831.7000122070312,738.9197998046875,549126
2020-03-06,824.9500122070312,834.0,810.0,821.4000244140625,729.768798828125,149805
2020-03-09,815.0499877929688,818.7999877929688,786.7999877929688,793.0999755859375,704.6258544921875,124146
2020-03-11,798.0,811.0999755859375,768.8499755859375,778.4500122070312,691.610107421875,282634
2020-03-12,759.9500122070312,766.4500122070312,720.0,735.0,653.007080078125,597040
2020-03-13,678.0,774.0,675.0,749.7999877929688,666.1560668945312,521938
2020-03-16,741.6500244140625,741.6500244140625,678.0,691.8499755859375,614.670654296875,175140
2020-03-17,709.75,726.0,655.0,700.8499755859375,622.6666870117188,3789107
2020-03-18,705.1500244140625,730.0,679.0,687.5499877929688,610.850341796875,125774
2020-03-19,655.0,700.0,655.0,662.1500244140625,588.283935546875,2652979
2020-03-20,662.1500244140625,706.25,653.4000244140625,699.1500244140625,621.1564331054688,797592
2020-03-23,676.0,683.9500122070312,630.0,642.0999755859375,570.4706420898438,67623
2020-03-24,669.9500122070312,696.5,638.75,680.9500122070312,604.9866943359375,126665
2020-03-25,660.0,759.6500244140625,660.0,727.2999877929688,646.166015625,225930
2020-03-26,712.0,750.0,681.7999877929688,689.7000122070312,612.760498046875,187983
2020-03-27,695.0499877929688,712.3499755859375,669.0,686.2999877929688,609.7398681640625,430960
2020-03-30,670.9000244140625,670.9000244140625,636.0,641.4000244140625,569.8486938476562,364225
2020-03-31,651.0999755859375,669.6500244140625,641.2999877929688,664.4500122070312,590.3273315429688,224184
2020-04-01,660.0,679.7999877929688,646.0499877929688,675.6500244140625,600.2779541015625,100418
2020-04-03,692.9500122070312,748.0,661.0,671.5999755859375,596.6796875,382268
2020-04-07,690.0,697.7000122070312,664.9000244140625,670.3499755859375,595.5691528320312,241380
2020-04-08,674.9000244140625,690.0,670.0499877929688,673.4000244140625,598.2789916992188,150563
2020-04-09,675.0,699.0,670.1500244140625,675.5999755859375,600.2333984375,407257
2020-04-13,676.0,679.0,670.2999877929688,670.5499877929688,595.7468872070312,61067
2020-04-15,672.5,692.6500244140625,668.0999755859375,670.7999877929688,595.9689331054688,358945
2020-04-16,671.0,702.0499877929688,663.5999755859375,686.6500244140625,610.05078125,210174
2020-04-17,694.7999877929688,750.0,688.2000122070312,726.7999877929688,645.7218627929688,276442
2020-04-20,737.0,755.0,707.5,749.9000244140625,666.2449951171875,662760
2020-04-21,737.5,758.6500244140625,675.0,677.7999877929688,602.1880493164062,347109
2020-04-22,677.7999877929688,684.7999877929688,653.0,673.9500122070312,598.767578125,144384
2020-04-23,678.9500122070312,702.2000122070312,666.0499877929688,695.7999877929688,618.1800537109375,173894
2020-04-24,696.7999877929688,696.7999877929688,661.0,673.6500244140625,598.5010375976562,469620
2020-04-27,679.0,724.9000244140625,676.5499877929688,698.2000122070312,620.3123779296875,439298
2020-04-28,703.9000244140625,717.0,700.2999877929688,712.5499877929688,633.0615234375,158918
2020-04-29,718.0,724.7999877929688,703.0,706.2999877929688,627.5087890625,304525
2020-04-30,714.9000244140625,750.3499755859375,712.0,728.6500244140625,647.3655395507812,307077
2020-05-04,718.0,723.5,692.5499877929688,700.7999877929688,622.6222534179688,743300
2020-05-05,710.0,733.2999877929688,706.7000122070312,714.5499877929688,634.8384399414062,122534
2020-05-06,710.2000122070312,747.9500122070312,700.7999877929688,742.0,659.2261962890625,272043
2020-05-07,748.0,773.9500122070312,747.6500244140625,755.0499877929688,670.8204345703125,340244
2020-05-08,761.0999755859375,763.1500244140625,735.0,739.9000244140625,657.3605346679688,91859
2020-05-11,743.0999755859375,789.9000244140625,743.0999755859375,777.7000122070312,690.9437255859375,356175
2020-05-12,775.0999755859375,811.5499877929688,752.9500122070312,806.4000244140625,716.4421997070312,376055
2020-05-13,821.0,829.8499755859375,785.6500244140625,803.0,713.42138671875,325267
2020-05-14,825.0,834.9000244140625,790.0999755859375,803.4000244140625,713.7767944335938,412282
2020-05-15,811.0,854.0,811.0,845.2999877929688,751.0026245117188,669067
2020-05-18,841.0,865.0,796.0999755859375,801.2999877929688,711.9110107421875,237027
2020-05-19,818.0,828.4000244140625,801.5,820.0999755859375,728.61376953125,144354
2020-05-20,820.0999755859375,837.0,818.5499877929688,823.9500122070312,732.0343017578125,83334
2020-05-21,830.0,849.0,822.3499755859375,839.25,745.6275634765625,149762
2020-05-22,838.0999755859375,848.7000122070312,825.9500122070312,839.4500122070312,745.8052368164062,85744
2020-05-26,850.0,869.6500244140625,842.4000244140625,865.0999755859375,768.5938110351562,692181
2020-05-27,872.0,888.75,838.0,846.5999755859375,752.1575317382812,268756
2020-05-28,849.9000244140625,860.1500244140625,842.4500122070312,845.0499877929688,750.780517578125,601077
2020-05-29,850.0,884.7999877929688,840.0,860.9500122070312,764.9067993164062,402333
2020-06-01,877.6500244140625,879.7999877929688,852.2999877929688,856.6500244140625,761.0864868164062,243840
2020-06-02,865.2999877929688,882.0,857.0,876.8499755859375,779.0330810546875,250008
2020-06-03,877.7999877929688,885.0,870.1500244140625,881.9500122070312,783.5641479492188,237402
2020-06-04,885.4500122070312,891.7999877929688,866.7999877929688,880.3499755859375,782.142578125,267939
2020-06-05,880.5,890.0,877.0,880.7999877929688,782.5424194335938,118950
2020-06-08,887.0,896.0,872.7999877929688,890.9000244140625,791.5156860351562,219601
2020-06-09,898.0,904.3499755859375,885.0999755859375,886.5999755859375,787.6954345703125,124442
2020-06-10,885.0,911.8499755859375,878.0999755859375,895.3499755859375,795.46923828125,102316
2020-06-11,895.9000244140625,896.0499877929688,853.0,866.3499755859375,769.7044067382812,123149
2020-06-12,832.0,865.7999877929688,832.0,858.7000122070312,762.9077758789062,132465
2020-06-15,864.8499755859375,871.0499877929688,845.0999755859375,857.75,762.0636596679688,126732
2020-06-16,866.0499877929688,867.0,838.0,841.1500244140625,747.315673828125,145808
2020-06-17,843.0,845.0,822.0499877929688,841.5499877929688,747.6709594726562,138894
2020-06-18,841.0,863.5,838.0499877929688,858.25,762.5079956054688,97210
2020-06-19,855.0,859.4500122070312,833.2999877929688,840.1500244140625,746.42724609375,261455
2020-06-22,844.5999755859375,853.0,841.0,850.1500244140625,755.3115844726562,95805
2020-06-23,851.0,868.9000244140625,842.25,855.4000244140625,759.9758911132812,268608
2020-06-24,860.7999877929688,864.5,853.0,863.1500244140625,766.8613891601562,133803
2020-06-25,863.1500244140625,877.9000244140625,845.5499877929688,872.4500122070312,775.1239013671875,236818
2020-06-26,882.7999877929688,920.0,875.0999755859375,892.9500122070312,793.3370361328125,520323
2020-06-29,902.0,920.0,887.4500122070312,906.4500122070312,805.3310546875,193703
2020-06-30,909.7999877929688,909.7999877929688,868.0,878.75,780.72119140625,224685
2020-07-01,877.0,891.0999755859375,857.5,882.0,783.6085815429688,250867
2020-07-02,861.0,891.0,855.0,870.0999755859375,804.9796752929688,224792
2020-07-03,876.7999877929688,890.75,867.0,886.5999755859375,820.2448120117188,134569
2020-07-06,888.7999877929688,915.0,880.2999877929688,910.8499755859375,842.6798706054688,132125
2020-07-07,909.9000244140625,928.0,893.75,922.6500244140625,853.5967407226562,323828
2020-07-08,922.7000122070312,924.8499755859375,909.0499877929688,921.4000244140625,852.4403686523438,223364
2020-07-09,921.0,921.0,894.9000244140625,903.4000244140625,835.7875366210938,155280
2020-07-10,900.0,923.0,885.5,919.1500244140625,850.3587036132812,237443
2020-07-13,916.5499877929688,934.0,910.0,923.6500244140625,854.5219116210938,118826
2020-07-14,923.0,946.4500122070312,916.1500244140625,933.5499877929688,863.680908203125,213714
2020-07-15,942.0,1008.9000244140625,936.0999755859375,994.0499877929688,919.653076171875,742404
2020-07-16,1029.800048828125,1099.0,1010.5,1031.25,954.06884765625,1519072
2020-07-17,1038.800048828125,1052.199951171875,994.0,997.3499755859375,922.7059936523438,221796
2020-07-20,1018.0,1024.949951171875,998.0,1005.4500122070312,930.1998291015625,428203
2020-07-21,1010.0,1018.4500122070312,975.0,978.2999877929688,905.081787109375,334149
2020-07-22,986.7999877929688,1002.5499877929688,975.0999755859375,995.0999755859375,920.6244506835938,214471
2020-07-23,1003.0,1003.9000244140625,976.0999755859375,979.5999755859375,906.284423828125,277231
2020-07-24,1005.0,1174.9000244140625,1005.0,1117.0,1033.401123046875,4244556
2020-07-27,1115.0,1208.800048828125,1080.0,1126.8499755859375,1042.5140380859375,2672183
2020-07-28,1114.449951171875,1180.0,1105.25,1164.4000244140625,1077.253662109375,1895132
2020-07-29,1164.4000244140625,1179.949951171875,1122.050048828125,1142.050048828125,1056.576416015625,686350
2020-07-30,1145.0,1165.0,1143.0,1155.199951171875,1068.7421875,324231
2020-07-31,1163.9000244140625,1177.800048828125,1143.0,1157.949951171875,1071.286376953125,413624
2020-08-03,1157.949951171875,1160.0,1123.050048828125,1144.5999755859375,1058.935546875,407108
2020-08-04,1150.0,1152.949951171875,1096.0,1103.8499755859375,1021.2352905273438,290909
2020-08-05,1114.25,1152.75,1107.050048828125,1137.25,1052.1356201171875,759413
2020-08-06,1137.25,1179.5,1128.0,1171.75,1084.053466796875,472151
2020-08-07,1165.0,1171.75,1157.8499755859375,1164.4000244140625,1077.253662109375,370398
2020-08-10,1175.0,1202.550048828125,1163.8499755859375,1180.9000244140625,1092.5186767578125,471683
2020-08-11,1190.0,1230.0,1182.1500244140625,1208.5999755859375,1118.1456298828125,430855
2020-08-12,1213.1500244140625,1213.1500244140625,1153.25,1162.6500244140625,1075.634765625,310001
2020-08-13,1175.0,1212.0,1175.0,1200.550048828125,1110.6981201171875,232416
2020-08-14,1150.0,1212.0,1150.0,1194.300048828125,1104.9158935546875,147118
2020-08-17,1200.0,1225.0,1181.25,1214.5999755859375,1123.6964111328125,105873
2020-08-18,1211.0,1213.5,1189.6500244140625,1197.5,1107.87646484375,188671
2020-08-19,1208.0,1223.550048828125,1194.949951171875,1203.4000244140625,1113.3348388671875,158963
2020-08-20,1203.0,1203.0,1193.0,1195.8499755859375,1106.349853515625,78302
2020-08-21,1210.0,1215.699951171875,1195.0,1199.0,1109.2640380859375,78780
2020-08-24,1200.0,1215.0,1190.0,1197.949951171875,1108.29248046875,259192
2020-08-25,1205.0,1205.75,1176.0,1181.25,1092.842529296875,81728
2020-08-26,1180.0,1214.0,1175.75,1200.050048828125,1110.2354736328125,271842
2020-08-27,1205.0,1209.9000244140625,1165.199951171875,1180.5999755859375,1092.2410888671875,382072
2020-08-28,1187.0,1197.0,1156.0,1165.449951171875,1078.2249755859375,337484
2020-08-31,1172.0,1176.0,1081.8499755859375,1103.5999755859375,1021.0040283203125,162583
2020-09-01,1091.050048828125,1146.949951171875,1091.050048828125,1127.75,1043.3466796875,675909
2020-09-02,1136.949951171875,1154.050048828125,1125.0,1144.8499755859375,1059.166748046875,268506
2020-09-03,1150.0,1191.0,1137.8499755859375,1184.949951171875,1096.2655029296875,267727
2020-09-04,1158.300048828125,1174.8499755859375,1140.0,1143.949951171875,1058.334228515625,315301
2020-09-07,1154.0,1164.9000244140625,1135.0,1148.8499755859375,1062.867431640625,128042
2020-09-08,1156.300048828125,1178.949951171875,1122.0999755859375,1136.5,1051.441650390625,306760
2020-09-09,1136.4000244140625,1149.699951171875,1113.0,1142.9000244140625,1057.3626708984375,132644
2020-09-10,1155.0,1164.0,1142.449951171875,1148.9000244140625,1062.913818359375,538954
2020-09-11,1154.0,1165.0,1139.5999755859375,1154.3499755859375,1067.955810546875,308892
2020-09-14,1185.0,1297.699951171875,1175.0,1256.699951171875,1162.6456298828125,1344897
2020-09-15,1260.0,1349.0,1260.0,1330.1500244140625,1230.5985107421875,990019
2020-09-16,1321.1500244140625,1325.300048828125,1272.9000244140625,1298.25,1201.0859375,816882
2020-09-17,1295.0,1368.699951171875,1274.199951171875,1353.6500244140625,1252.3397216796875,1197965
2020-09-18,1341.0,1414.0,1328.050048828125,1397.449951171875,1292.8614501953125,521433
2020-09-21,1385.0,1407.699951171875,1365.0,1384.3499755859375,1280.741943359375,741605
2020-09-22,1381.449951171875,1384.1500244140625,1305.0,1365.75,1263.5340576171875,609852
2020-09-23,1386.25,1419.8499755859375,1372.550048828125,1384.0999755859375,1280.5107421875,402849
2020-09-24,1360.0,1370.0,1244.1500244140625,1265.1500244140625,1170.4632568359375,714381
2020-09-25,1288.0,1307.9000244140625,1252.0,1271.699951171875,1176.52294921875,472939
2020-09-28,1291.4000244140625,1380.0,1281.699951171875,1350.5,1249.4254150390625,354543
2020-09-29,1345.550048828125,1350.050048828125,1291.5999755859375,1317.5999755859375,1218.9876708984375,470562
2020-09-30,1328.0,1399.4000244140625,1290.0,1383.449951171875,1279.909423828125,362585
2020-10-01,1391.0,1404.9000244140625,1345.0,1356.9000244140625,1255.3465576171875,263804
2020-10-05,1350.5,1385.0,1330.0,1342.3499755859375,1241.885498046875,390893
2020-10-06,1360.75,1368.0,1326.949951171875,1351.699951171875,1250.53564453125,332308
2020-10-07,1358.5999755859375,1375.0,1324.1500244140625,1338.6500244140625,1238.46240234375,302037
2020-10-08,1359.949951171875,1454.0,1359.949951171875,1414.4000244140625,1308.543212890625,1436214
2020-10-09,1410.0,1411.0,1375.0,1383.6500244140625,1280.094482421875,296415
2020-10-12,1384.199951171875,1440.9000244140625,1357.199951171875,1395.800048828125,1291.3349609375,418273
2020-10-13,1399.0,1428.0,1384.6500244140625,1403.9000244140625,1298.828857421875,1002570
2020-10-14,1412.0,1464.800048828125,1412.0,1425.800048828125,1319.08984375,921494
2020-10-15,1421.0,1444.949951171875,1356.0,1402.1500244140625,1297.2098388671875,522508
2020-10-16,1403.050048828125,1409.0,1300.0,1340.75,1240.4052734375,878654
2020-10-19,1343.0,1350.0,1299.5999755859375,1301.9000244140625,1204.4627685546875,579092
2020-10-20,1315.0,1337.5999755859375,1308.050048828125,1314.699951171875,1216.3048095703125,302342
2020-10-21,1320.0,1341.5,1285.949951171875,1301.300048828125,1203.9078369140625,214352
2020-10-22,1313.949951171875,1367.5,1302.0,1349.9000244140625,1248.8704833984375,596775
2020-10-23,1400.0,1413.0,1375.0,1382.050048828125,1278.6141357421875,759788
2020-10-26,1370.0,1379.0,1350.1500244140625,1356.300048828125,1254.79150390625,168131
2020-10-27,1369.5999755859375,1391.449951171875,1356.0,1358.75,1257.0579833984375,350839
2020-10-28,1366.699951171875,1376.0,1322.0,1341.0999755859375,1240.72900390625,222114
2020-10-29,1334.0,1384.9000244140625,1314.949951171875,1328.550048828125,1229.118408203125,247696
2020-10-30,1335.9000244140625,1389.300048828125,1335.8499755859375,1378.699951171875,1275.5150146484375,423393
2020-11-02,1390.0,1390.0,1345.5999755859375,1358.6500244140625,1256.965576171875,174298
2020-11-03,1360.0,1378.800048828125,1351.0,1361.0999755859375,1259.2320556640625,235874
2020-11-04,1369.0,1404.800048828125,1355.3499755859375,1372.9000244140625,1270.1490478515625,227574
2020-11-05,1390.0,1395.25,1354.9000244140625,1363.199951171875,1261.1748046875,142940
2020-11-06,1360.0,1376.3499755859375,1326.9000244140625,1335.199951171875,1235.2706298828125,175626
2020-11-09,1350.699951171875,1364.0,1330.8499755859375,1336.199951171875,1236.1956787109375,175924
2020-11-10,1349.0,1349.0,1281.0999755859375,1310.199951171875,1212.1416015625,333616
2020-11-11,1301.050048828125,1323.949951171875,1300.0,1310.0999755859375,1212.0489501953125,254322
2020-11-12,1316.550048828125,1358.0,1310.1500244140625,1343.5,1242.9493408203125,228533
2020-11-13,1348.800048828125,1351.0999755859375,1307.550048828125,1315.0,1216.5823974609375,356873
2020-11-14,1320.25,1334.0,1320.25,1326.0999755859375,1226.8515625,21577
2020-11-17,1333.0,1333.0,1307.0999755859375,1314.1500244140625,1215.796142578125,328612
2020-11-18,1314.1500244140625,1319.0,1300.0999755859375,1311.5,1213.3443603515625,252599
2020-11-19,1311.0,1311.0,1296.0,1300.75,1203.3988037109375,333064
2020-11-20,1340.0,1341.75,1304.5,1315.3499755859375,1216.90625,371084
2020-11-23,1345.0,1345.0,1293.0,1315.300048828125,1216.8599853515625,562622
2020-11-24,1327.949951171875,1339.0,1311.300048828125,1334.9000244140625,1234.9930419921875,329490
2020-11-25,1341.0999755859375,1357.9000244140625,1320.0,1325.6500244140625,1226.4354248046875,317410
2020-11-26,1328.9000244140625,1339.1500244140625,1317.0,1325.25,1226.0653076171875,225671
2020-11-27,1334.699951171875,1337.949951171875,1308.0,1315.699951171875,1217.2301025390625,597810
2020-12-01,1322.300048828125,1330.0,1300.050048828125,1310.6500244140625,1212.5579833984375,320457
2020-12-02,1322.8499755859375,1341.8499755859375,1305.0,1336.1500244140625,1236.1495361328125,268091
2020-12-03,1336.0,1378.0,1326.9000244140625,1353.300048828125,1252.015869140625,441496
2020-12-04,1354.0,1369.25,1325.0,1334.9000244140625,1234.9930419921875,335509
2020-12-07,1340.0999755859375,1362.3499755859375,1316.300048828125,1321.699951171875,1222.78076171875,230735
2020-12-08,1329.699951171875,1340.0,1306.0999755859375,1314.1500244140625,1215.796142578125,442834
2020-12-09,1323.0,1329.699951171875,1309.550048828125,1315.949951171875,1217.461181640625,363735
2020-12-10,1320.0,1324.949951171875,1301.0,1306.8499755859375,1209.0423583984375,162813
2020-12-11,1316.0,1332.25,1309.4000244140625,1316.050048828125,1217.5538330078125,184457
2020-12-14,1329.0,1334.199951171875,1318.1500244140625,1326.949951171875,1227.6380615234375,118322
2020-12-15,1329.8499755859375,1334.0,1311.5,1324.800048828125,1225.64892578125,441978
2020-12-16,1331.449951171875,1371.0,1320.949951171875,1358.449951171875,1256.7803955078125,494746
2020-12-17,1365.0,1378.5,1332.5,1339.75,1239.47998046875,442708
2020-12-18,1350.3499755859375,1398.0,1342.0999755859375,1372.9000244140625,1270.1490478515625,708533
2020-12-21,1378.550048828125,1429.0,1361.0,1390.8499755859375,1286.755615234375,780268
2020-12-22,1384.800048828125,1435.0,1368.0,1422.4000244140625,1315.9443359375,558927
2020-12-23,1435.0,1629.199951171875,1432.1500244140625,1575.6500244140625,1457.7247314453125,2212213
2020-12-24,1572.800048828125,1584.9000244140625,1535.050048828125,1554.550048828125,1438.2039794921875,573967
2020-12-28,1560.0,1589.0,1536.0999755859375,1560.550048828125,1443.7548828125,345867
2020-12-29,1568.4000244140625,1647.0,1540.0,1559.199951171875,1442.505859375,492735
2020-12-30,1545.0999755859375,1599.0,1526.0999755859375,1590.4000244140625,1471.370849609375,261785
2020-12-31,1587.0,1591.800048828125,1530.0,1539.949951171875,1424.696533203125,191572
2021-01-01,1549.0,1558.949951171875,1520.0,1529.9000244140625,1415.3988037109375,156994
2021-01-04,1550.0,1557.0,1505.0,1519.3499755859375,1405.6383056640625,389716
2021-01-05,1525.050048828125,1610.0,1525.0,1581.6500244140625,1463.275634765625,677882
2021-01-06,1595.550048828125,1697.4000244140625,1586.0,1615.75,1494.8236083984375,973000
2021-01-07,1639.0,1675.0,1620.0,1663.0,1538.5372314453125,347070
2021-01-08,1669.0,1673.0,1605.0,1639.300048828125,1516.611083984375,853366
2021-01-11,1660.0,1710.0,1656.0,1699.1500244140625,1571.98193359375,711646
2021-01-12,1700.0,1706.5,1644.5,1657.3499755859375,1533.31005859375,795854
2021-01-13,1675.0,1675.0,1636.5,1651.3499755859375,1527.7591552734375,504008
2021-01-14,1664.050048828125,1735.0,1617.4000244140625,1696.1500244140625,1569.206298828125,714819
2021-01-15,1704.0,1704.0,1647.0,1667.550048828125,1542.7467041015625,331478
2021-01-18,1667.300048828125,1667.699951171875,1620.0999755859375,1635.0,1512.6328125,465525
2021-01-19,1635.0,1665.0,1591.199951171875,1616.800048828125,1495.7950439453125,194318
2021-01-20,1628.0,1676.0,1621.6500244140625,1647.0999755859375,1523.8271484375,301343
2021-01-21,1667.4000244140625,1667.4000244140625,1590.0,1600.6500244140625,1480.853759765625,345085
2021-01-22,1559.050048828125,1616.0,1537.0,1599.050048828125,1479.37353515625,920370
2021-01-25,1619.949951171875,1619.949951171875,1542.1500244140625,1591.0999755859375,1472.018310546875,204142
2021-01-27,1591.0999755859375,1605.0,1545.1500244140625,1585.800048828125,1467.115234375,349539
2021-01-28,1550.0,1586.550048828125,1534.0,1555.5,1439.082763671875,406023
2021-01-29,1572.0,1604.550048828125,1512.0,1531.3499755859375,1416.740234375,400404
2021-02-01,1535.0,1558.949951171875,1511.0,1529.949951171875,1415.445068359375,265113
2021-02-02,1539.800048828125,1590.6500244140625,1532.1500244140625,1572.800048828125,1455.088134765625,405555
2021-02-03,1578.8499755859375,1609.949951171875,1534.949951171875,1591.050048828125,1471.9722900390625,550668
2021-02-04,1604.050048828125,1613.699951171875,1575.3499755859375,1589.5,1470.5380859375,214307
2021-02-05,1597.0,1610.949951171875,1556.0,1574.5999755859375,1456.753173828125,573788
2021-02-08,1590.0,1639.699951171875,1577.5999755859375,1632.0999755859375,1509.94970703125,378476
2021-02-09,1634.5,1674.9000244140625,1625.1500244140625,1647.199951171875,1523.919677734375,329026
2021-02-10,1652.199951171875,1665.9000244140625,1625.9000244140625,1639.1500244140625,1516.47216796875,309641
2021-02-11,1640.0,1660.0,1611.0,1631.9000244140625,1509.764892578125,231604
2021-02-12,1638.0,1660.0,1628.0,1646.449951171875,1523.225830078125,75900
2021-02-15,1660.0,1683.949951171875,1636.449951171875,1670.800048828125,1545.7535400390625,280527
2021-02-16,1684.75,1695.0,1670.25,1683.5999755859375,1557.595458984375,230890
2021-02-17,1676.5999755859375,1690.0,1626.0,1644.9000244140625,1521.7918701171875,234830
2021-02-18,1657.9000244140625,1710.0,1650.0,1694.0999755859375,1567.3096923828125,302746
2021-02-19,1700.0,1703.0,1655.0,1688.5999755859375,1562.221435546875,125265
2021-02-22,1680.0,1748.0,1640.8499755859375,1699.449951171875,1572.25927734375,538833
2021-02-23,1715.0,1787.800048828125,1710.050048828125,1745.0,1614.4002685546875,711692
2021-02-24,1749.6500244140625,1749.6500244140625,1624.25,1694.3499755859375,1567.541015625,227168
2021-02-25,1694.949951171875,1699.949951171875,1622.050048828125,1651.699951171875,1528.0828857421875,870245
2021-02-26,1620.0,1666.5,1610.5,1646.9000244140625,1523.6422119140625,230398
2021-03-01,1659.9000244140625,1665.0,1625.050048828125,1639.300048828125,1516.611083984375,121376
2021-03-02,1640.0,1715.0,1618.300048828125,1688.050048828125,1561.71240234375,568161
2021-03-03,1709.949951171875,1747.75,1661.8499755859375,1696.0,1569.0672607421875,512298
2021-03-04,1685.0,1716.0,1673.0,1687.300048828125,1561.0186767578125,154947
2021-03-05,1668.050048828125,1675.0,1622.300048828125,1634.699951171875,1512.355224609375,401535
2021-03-08,1650.0,1659.4000244140625,1600.0,1612.050048828125,1491.400390625,205579
2021-03-09,1627.9000244140625,1627.9000244140625,1575.25,1592.9000244140625,1473.6837158203125,319538
2021-03-10,1610.949951171875,1675.0,1598.0,1646.699951171875,1523.457275390625,599154
2021-03-12,1650.300048828125,1666.0,1605.550048828125,1617.0999755859375,1496.072509765625,342389
2021-03-15,1620.0,1645.199951171875,1614.949951171875,1628.449951171875,1506.5731201171875,342891
2021-03-16,1635.1500244140625,1739.0,1630.0,1730.800048828125,1601.262939453125,1034130
2021-03-17,1727.0,1769.0,1665.199951171875,1683.800048828125,1557.7806396484375,971091
2021-03-18,1708.0,1731.0999755859375,1612.4000244140625,1637.75,1515.1771240234375,439447
2021-03-19,1635.0,1685.9000244140625,1623.25,1666.300048828125,1541.59033203125,473541
2021-03-22,1680.75,1680.75,1632.0,1670.050048828125,1545.0596923828125,285987
2021-03-23,1677.5,1707.449951171875,1668.0,1676.550048828125,1551.0732421875,263310
2021-03-24,1676.550048828125,1685.949951171875,1650.949951171875,1672.449951171875,1547.280029296875,326973
2021-03-25,1676.199951171875,1682.0,1602.0,1673.0999755859375,1547.88134765625,401831
2021-03-26,1682.0,1682.0,1626.3499755859375,1635.25,1512.864013671875,369659
2021-03-30,1643.0,1798.75,1637.0,1778.8499755859375,1645.7166748046875,845091
2021-03-31,1780.0,1811.25,1711.25,1776.5,1643.542724609375,1134437
2021-04-01,1785.0,1809.0,1738.0,1747.800048828125,1616.9906005859375,423748
2021-04-05,1750.0,1778.449951171875,1713.1500244140625,1755.0999755859375,1623.744384765625,473624
2021-04-06,1770.0,1771.449951171875,1735.5999755859375,1745.0999755859375,1614.4927978515625,305235
2021-04-07,1749.9000244140625,1752.550048828125,1714.9000244140625,1732.449951171875,1602.789306640625,1085872
2021-04-08,1745.0999755859375,1825.0,1745.0999755859375,1760.3499755859375,1628.601318359375,1021233
2021-04-09,1778.0,1825.0,1770.050048828125,1802.449951171875,1667.5504150390625,633856
2021-04-12,1799.800048828125,1837.449951171875,1716.050048828125,1740.0999755859375,1609.8668212890625,625677
2021-04-13,1745.0,1758.3499755859375,1603.0,1682.25,1556.346435546875,744747
2021-04-15,1653.0,1736.699951171875,1641.0,1699.949951171875,1572.7218017578125,663225
2021-04-16,1699.949951171875,1727.75,1671.3499755859375,1708.300048828125,1580.4468994140625,436542
2021-04-19,1671.0,1721.449951171875,1644.0999755859375,1703.1500244140625,1575.6822509765625,399442
2021-04-20,1710.0,1729.9000244140625,1644.0999755859375,1657.6500244140625,1533.587646484375,411238
2021-04-22,1650.0,1687.949951171875,1630.0,1642.75,1519.8028564453125,553502
2021-04-23,1643.0999755859375,1714.949951171875,1643.0999755859375,1696.5,1569.530029296875,606412
2021-04-26,1730.0,1805.8499755859375,1715.1500244140625,1724.300048828125,1595.24951171875,1273633
2021-04-27,1725.0,1743.199951171875,1695.75,1705.1500244140625,1577.5325927734375,312043
2021-04-28,1717.0,1759.0,1707.8499755859375,1748.9000244140625,1618.0084228515625,389821
2021-04-29,1760.9000244140625,1775.949951171875,1747.75,1770.0,1637.5291748046875,566928
2021-04-30,1770.0,1784.949951171875,1755.300048828125,1764.800048828125,1632.7183837890625,457673
2021-05-03,1764.0,1791.5,1750.0,1785.800048828125,1652.1466064453125,293527
2021-05-04,1790.0,1796.25,1748.5,1754.949951171875,1623.60546875,238613
2021-05-05,1747.0,1778.9000244140625,1736.0,1747.1500244140625,1616.3892822265625,207032
2021-05-06,1750.0,1869.5,1737.0,1846.0,1707.841064453125,1687587
2021-05-07,1852.0,1883.449951171875,1826.550048828125,1846.199951171875,1708.0262451171875,632380
2021-05-10,1845.0,1864.699951171875,1830.0,1843.949951171875,1705.944580078125,408510
2021-05-11,1835.0,1868.9000244140625,1818.1500244140625,1848.699951171875,1710.3389892578125,338923
2021-05-12,1848.300048828125,1858.0,1775.050048828125,1799.3499755859375,1664.6824951171875,676426
2021-05-14,1776.199951171875,1804.25,1761.6500244140625,1788.8499755859375,1654.96826171875,772439
2021-05-17,1788.8499755859375,1802.0,1728.0,1762.4000244140625,1630.498046875,664940
2021-05-18,1785.0,1790.0,1745.0999755859375,1765.1500244140625,1633.042236328125,492208
2021-05-19,1767.0,1799.800048828125,1754.25,1767.9000244140625,1635.5863037109375,357231
2021-05-20,1782.949951171875,1792.75,1758.699951171875,1764.3499755859375,1632.3021240234375,141546
2021-05-21,1786.949951171875,1839.800048828125,1748.050048828125,1786.050048828125,1652.3779296875,799241
2021-05-24,1811.5,1844.6500244140625,1800.0999755859375,1829.949951171875,1692.9921875,581346
2021-05-25,1830.0,1913.75,1828.75,1880.4000244140625,1739.6666259765625,1057299
2021-05-26,1886.9000244140625,1929.5,1882.25,1914.050048828125,1770.798095703125,786050
2021-05-27,1919.9000244140625,2009.949951171875,1916.449951171875,1968.75,1821.4041748046875,1107586
2021-05-28,1979.0,1995.0,1921.0,1936.0999755859375,1791.19775390625,827508
2021-05-31,1950.800048828125,1965.0,1935.300048828125,1944.3499755859375,1798.830322265625,269385
2021-06-01,1950.0,1958.800048828125,1905.25,1950.0,1804.0576171875,230031
2021-06-02,1950.0,1955.0,1903.25,1907.5999755859375,1764.8309326171875,490512
2021-06-03,1922.0,1928.8499755859375,1875.0,1919.699951171875,1776.0252685546875,385166
2021-06-04,1927.0,1948.8499755859375,1902.0,1909.449951171875,1766.5423583984375,325694
2021-06-07,1919.0,1974.0,1914.0,1964.9000244140625,1817.84228515625,521073
2021-06-08,1973.0,1983.699951171875,1916.3499755859375,1932.5,1787.8673095703125,531921
2021-06-09,1950.0,1969.800048828125,1911.0,1918.25,1774.6837158203125,452593
2021-06-10,1927.8499755859375,1972.0,1914.949951171875,1964.199951171875,1817.19482421875,456342
2021-06-11,1980.0,2069.0,1965.25,2009.75,1859.335693359375,1889149
2021-06-14,2018.0,2037.0,1974.5,1994.75,1845.458251953125,557037
2021-06-15,1994.0,2071.050048828125,1990.0,2061.449951171875,1907.166259765625,842577
2021-06-16,2050.0,2110.0,2031.0,2098.75,1941.6748046875,1039899
2021-06-17,2098.5,2133.550048828125,2019.5,2039.550048828125,1886.905517578125,851840
2021-06-18,2059.39990234375,2099.89990234375,1993.5999755859375,2032.8499755859375,1880.706787109375,1089882
2021-06-21,2030.0,2057.949951171875,1974.0,2047.25,1894.029052734375,434930
2021-06-22,2055.0,2085.0,2002.0,2008.9000244140625,1858.54931640625,412384
2021-06-23,2032.6500244140625,2038.75,1980.0,1985.300048828125,1836.7156982421875,252588
2021-06-24,1989.8499755859375,2073.300048828125,1989.8499755859375,2049.10009765625,1895.7408447265625,1025993
2021-06-25,2055.5,2087.550048828125,2044.0,2067.14990234375,1912.439697265625,526840
2021-06-28,2067.199951171875,2080.0,2040.0999755859375,2049.39990234375,1896.01806640625,175489
2021-06-29,2054.949951171875,2094.0,2030.5999755859375,2086.14990234375,1930.0177001953125,480765
2021-06-30,2095.0,2144.300048828125,2076.050048828125,2134.199951171875,1974.4715576171875,653567
2021-07-01,2136.949951171875,2184.0,2110.0,2171.800048828125,2009.2574462890625,533962
2021-07-02,2161.0,2199.39990234375,2111.10009765625,2154.949951171875,1993.6685791015625,666544
2021-07-05,2178.14990234375,2204.89990234375,2104.0,2114.199951171875,1955.96826171875,768600
2021-07-06,2124.800048828125,2141.85009765625,2111.449951171875,2126.89990234375,1967.7177734375,315862
2021-07-07,2138.85009765625,2185.39990234375,2105.050048828125,2173.699951171875,2011.0152587890625,477903
2021-07-08,2174.0,2215.0,2160.0,2176.39990234375,2013.5133056640625,460524
2021-07-09,2177.0,2269.0,2177.0,2229.300048828125,2062.454345703125,1374846
2021-07-12,2257.10009765625,2257.10009765625,2208.0,2215.10009765625,2049.31689453125,273006
2021-07-13,2228.0,2241.0,2165.10009765625,2190.949951171875,2026.9744873046875,405618
2021-07-14,2201.0,2397.699951171875,2200.14990234375,2375.5,2197.7119140625,2140671
2021-07-15,2375.5,2407.35009765625,2331.89990234375,2389.0,2210.201904296875,885491
2021-07-16,2389.0,2421.949951171875,2346.39990234375,2390.199951171875,2211.311767578125,432057
2021-07-19,2390.199951171875,2407.25,2330.949951171875,2342.800048828125,2167.459228515625,503783
2021-07-20,2345.050048828125,2403.300048828125,2266.800048828125,2368.5,2191.236083984375,733341
2021-07-22,2405.14990234375,2450.0,2363.25,2397.39990234375,2217.97314453125,1055208
2021-07-23,2565.0,2677.0,2472.050048828125,2530.14990234375,2340.78759765625,6346868
2021-07-26,2512.0,2634.699951171875,2473.949951171875,2589.14990234375,2395.371826171875,1525148
2021-07-27,2600.0,2616.949951171875,2563.050048828125,2596.60009765625,2402.264404296875,517705
2021-07-28,2595.0,2628.449951171875,2543.35009765625,2587.699951171875,2394.030517578125,547211
2021-07-29,2591.0,2677.5,2563.0,2669.60009765625,2469.801025390625,868934
2021-07-30,2668.0,2668.949951171875,2582.64990234375,2599.75,2405.1787109375,584986
2021-08-02,2619.5,2644.85009765625,2602.0,2626.800048828125,2430.2041015625,321213
2021-08-03,2636.449951171875,2735.0,2636.449951171875,2692.25,2490.755859375,1158111
2021-08-04,2711.5,2740.0,2652.300048828125,2663.75,2464.388671875,751794
2021-08-05,2687.89990234375,2756.550048828125,2642.5,2665.199951171875,2465.730224609375,976311
2021-08-06,2670.0,2714.89990234375,2658.0,2694.64990234375,2492.97607421875,375995
2021-08-09,2713.25,2743.0,2665.0,2702.0,2499.77587890625,387255
2021-08-10,2702.0,2758.89990234375,2681.0,2708.60009765625,2505.882080078125,590969
2021-08-11,2727.949951171875,2743.0,2638.0,2673.0,2472.94677734375,507503
2021-08-12,2679.0,2770.0,2678.949951171875,2764.449951171875,2557.55224609375,652280
2021-08-13,2780.35009765625,2791.64990234375,2742.300048828125,2753.85009765625,2547.74560546875,502027
2021-08-16,2768.10009765625,2809.39990234375,2734.949951171875,2746.449951171875,2540.899169921875,444615
2021-08-17,2761.800048828125,2855.0,2728.800048828125,2841.550048828125,2628.8818359375,794585
2021-08-18,2850.0,2938.800048828125,2803.5,2844.25,2631.3798828125,959572
2021-08-20,2843.949951171875,2910.0,2773.10009765625,2848.0,2634.84912109375,664079
2021-08-23,2899.0,3001.0,2845.25,2866.89990234375,2652.334716796875,1956870
2021-08-24,2905.25,2924.949951171875,2780.0,2799.050048828125,2589.56298828125,969258
2021-08-25,2814.60009765625,2838.550048828125,2747.0,2792.14990234375,2583.178955078125,756084
2021-08-26,2795.949951171875,2824.0,2736.10009765625,2743.25,2537.93896484375,650414
2021-08-27,2760.0,2910.0,2740.25,2894.800048828125,2678.146728515625,1188351
2021-08-30,2910.0,2936.89990234375,2853.0,2865.050048828125,2650.623046875,688575
2021-08-31,2881.89990234375,2923.699951171875,2870.25,2898.10009765625,2681.19970703125,991789
2021-09-01,2920.199951171875,2930.0,2816.10009765625,2834.449951171875,2622.31298828125,721085
2021-09-02,2859.0,2910.0,2811.39990234375,2888.60009765625,2672.41064453125,867752
2021-09-03,2902.0,2976.0,2871.050048828125,2952.25,2731.296630859375,1149543
2021-09-06,2970.0,3034.800048828125,2931.050048828125,3025.699951171875,2799.249755859375,888951
2021-09-07,3051.0,3079.0,2962.0,2976.449951171875,2753.685302734375,989201
2021-09-08,2997.0,2997.0,2933.0,2958.300048828125,2736.894287109375,489569
2021-09-09,2960.0,3000.0,2935.25,2993.550048828125,2769.505859375,525337
2021-09-13,2975.0,3015.0,2860.0,3000.199951171875,2800.9208984375,681247
2021-09-14,3015.0,3067.0,2984.0,3055.449951171875,2852.500732421875,559672
2021-09-15,3060.5,3206.949951171875,3046.25,3191.800048828125,2979.794189453125,1066230
2021-09-16,3205.0,3233.10009765625,3143.39990234375,3174.800048828125,2963.92333984375,888625
2021-09-17,3177.60009765625,3217.25,3137.300048828125,3194.10009765625,2981.941650390625,1038070
2021-09-20,3151.10009765625,3270.0,3091.449951171875,3106.699951171875,2900.3466796875,664392
2021-09-21,3102.0,3217.800048828125,3073.10009765625,3196.949951171875,2984.60205078125,849978
2021-09-22,3230.0,3302.699951171875,3181.699951171875,3251.050048828125,3035.10888671875,998609
2021-09-23,3284.0,3394.0,3255.0,3338.60009765625,3116.84375,853124
2021-09-24,3375.0,3534.60009765625,3322.800048828125,3342.35009765625,3120.344482421875,1223208
2021-09-27,3399.949951171875,3399.949951171875,3165.050048828125,3218.300048828125,3004.5341796875,1134438
2021-09-28,3242.0,3243.10009765625,3039.550048828125,3154.699951171875,2945.158203125,1573075
2021-09-29,3130.0,3226.0,3071.949951171875,3145.14990234375,2936.24267578125,1177475
2021-09-30,3164.800048828125,3175.0,3095.050048828125,3104.39990234375,2898.19970703125,600588
2021-10-01,3109.0,3119.0,3010.0,3026.25,2825.240234375,1122648
2021-10-04,3058.5,3099.0,3040.0,3089.10009765625,2883.916015625,550121
2021-10-05,3093.89990234375,3152.0,3034.800048828125,3141.300048828125,2932.648681640625,610635
2021-10-06,3163.300048828125,3165.0,3081.0,3111.60009765625,2904.92138671875,598884
2021-10-07,3141.64990234375,3259.0,3125.0,3186.199951171875,2974.566162109375,740158
2021-10-08,3187.0,3312.800048828125,3180.14990234375,3247.64990234375,3031.9345703125,772354
2021-10-11,3185.0,3200.0,2945.550048828125,3104.800048828125,2898.572998046875,1295172
2021-10-12,3126.0,3154.949951171875,3061.0,3123.5,2916.03076171875,794569
2021-10-13,3143.0,3144.050048828125,3087.0,3130.300048828125,2922.379150390625,528691
2021-10-14,3225.0,3455.0,3224.89990234375,3266.60009765625,3049.6259765625,2139363
2021-10-18,3390.0,3390.0,3299.85009765625,3356.699951171875,3133.741455078125,1149208
2021-10-19,3411.0,3659.75,3411.0,3546.449951171875,3310.8876953125,2079946
2021-10-20,3572.14990234375,3595.89990234375,3367.60009765625,3470.14990234375,3239.655517578125,986753
2021-10-21,3470.14990234375,3503.85009765625,3283.300048828125,3396.449951171875,3170.850830078125,1184242
2021-10-22,3200.0,3519.199951171875,3085.0,3254.699951171875,3038.516357421875,2688874
2021-10-25,3294.0,3303.949951171875,3105.0,3203.699951171875,2990.903564453125,791785
2021-10-26,3203.699951171875,3341.85009765625,3201.39990234375,3244.0,3028.52685546875,659888
2021-10-27,3250.25,3366.0,3240.0,3351.60009765625,3128.97998046875,751000
2021-10-28,3385.050048828125,3390.0,3255.0,3270.89990234375,3053.64013671875,529347
2021-10-29,3273.0,3316.85009765625,3212.0,3235.800048828125,3020.871826171875,436159
2021-11-01,3268.0,3335.0,3250.14990234375,3320.949951171875,3100.365966796875,456330
2021-11-02,3320.949951171875,3454.449951171875,3320.89990234375,3387.550048828125,3162.542236328125,502036
2021-11-03,3400.0,3445.300048828125,3284.5,3299.35009765625,3080.20068359375,425741
2021-11-04,3325.0,3341.85009765625,3300.0,3316.60009765625,3096.304931640625,31960
2021-11-08,3354.10009765625,3407.89990234375,3290.0,3385.14990234375,3160.30126953125,519399
2021-11-09,3385.14990234375,3462.0,3365.0,3373.10009765625,3149.052001953125,625236
2021-11-10,3352.0,3394.949951171875,3324.949951171875,3363.10009765625,3139.716064453125,296942
2021-11-11,3364.800048828125,3379.39990234375,3293.75,3348.25,3125.8525390625,357090
2021-11-12,3405.0,3417.949951171875,3329.050048828125,3353.39990234375,3130.660400390625,773128
2021-11-15,3390.0,3444.89990234375,3375.0,3422.75,3195.404052734375,488346
2021-11-16,3444.800048828125,3494.800048828125,3427.0,3454.35009765625,3224.9052734375,785380
2021-11-17,3468.0,3491.800048828125,3402.050048828125,3442.64990234375,3213.982177734375,547200
2021-11-18,3460.0,3471.25,3315.75,3339.14990234375,3117.356689453125,516894
2021-11-22,3345.0,3360.0,3177.050048828125,3247.699951171875,3031.981201171875,765536
2021-11-23,3247.699951171875,3329.25,3152.0,3290.949951171875,3072.3583984375,762502
2021-11-24,3324.39990234375,3350.0,3198.550048828125,3212.14990234375,2998.79248046875,702672
2021-11-25,3220.300048828125,3295.949951171875,3208.0,3261.60009765625,3044.9580078125,1017061
2021-11-26,3210.0,3214.75,3029.0,3059.199951171875,2856.001708984375,873005
2021-11-29,2958.0,3044.75,2929.449951171875,2988.5,2789.997802734375,1245417
2021-11-30,3075.0,3106.25,2825.0,2895.14990234375,2702.84814453125,11262910
2021-12-01,2867.800048828125,3029.699951171875,2851.0,3011.60009765625,2811.5634765625,988525
2021-12-02,3012.0,3123.300048828125,2974.85009765625,3107.10009765625,2900.72021484375,908162
2021-12-03,3130.0,3138.14990234375,3065.0,3086.85009765625,2881.815185546875,304524
2021-12-06,3090.0,3119.5,3007.0,3022.85009765625,2822.066162109375,310890
2021-12-07,3056.0,3083.14990234375,2990.75,3047.0,2844.612060546875,447610
2021-12-08,3084.800048828125,3154.14990234375,3066.199951171875,3131.300048828125,2923.31298828125,500088
2021-12-09,3145.050048828125,3162.60009765625,3102.89990234375,3132.949951171875,2924.85302734375,278294
2021-12-10,3110.0,3150.0,3107.0,3133.89990234375,2925.739990234375,197909
2021-12-13,3153.64990234375,3267.0,3150.0,3223.949951171875,3009.80859375,621098
2021-12-14,3230.0,3230.0,3130.0,3187.60009765625,2975.873291015625,567038
2021-12-15,3179.800048828125,3223.60009765625,3121.050048828125,3208.85009765625,2995.7119140625,661097
2021-12-16,3225.10009765625,3262.0,3181.050048828125,3210.199951171875,2996.971923828125,397555
2021-12-17,3235.0,3339.0,3221.25,3263.14990234375,3046.405029296875,1266717
2021-12-20,3220.0,3247.85009765625,3021.60009765625,3098.14990234375,2892.364501953125,571770
2021-12-21,3125.0,3182.0,3072.0,3107.199951171875,2900.813720703125,613451
2021-12-22,3091.35009765625,3186.0,3091.35009765625,3169.199951171875,2958.6953125,438811
2021-12-23,3194.800048828125,3220.0,3156.699951171875,3186.39990234375,2974.7529296875,345682
2021-12-24,3224.800048828125,3291.25,3182.5,3218.0,3004.25390625,862697
2021-12-27,3205.0,3238.949951171875,3155.050048828125,3230.35009765625,3015.78369140625,444764
2021-12-28,3262.0,3353.949951171875,3250.050048828125,3329.85009765625,3108.6748046875,989627
2021-12-29,3330.0,3344.949951171875,3293.550048828125,3310.050048828125,3090.18994140625,534624
2021-12-30,3307.85009765625,3359.0,3285.800048828125,3345.60009765625,3123.378662109375,552959
2021-12-31,3345.60009765625,3419.199951171875,3310.0,3396.699951171875,3171.084228515625,442436
2022-01-03,3392.0,3479.0,3390.050048828125,3422.64990234375,3195.310546875,548857
2022-01-04,3449.800048828125,3470.0,3370.0,3395.89990234375,3170.33740234375,314076
2022-01-05,3380.0,3390.0,3295.0,3313.550048828125,3093.457275390625,483649
2022-01-06,3298.0,3298.0,3225.0,3257.14990234375,3040.80322265625,674963
2022-01-07,3289.10009765625,3289.10009765625,3220.0,3240.199951171875,3024.9794921875,365542
2022-01-10,3250.050048828125,3279.0,3180.0,3200.949951171875,2988.336181640625,763573
2022-01-11,3220.0,3244.0,3188.800048828125,3207.449951171875,2994.40478515625,380691
2022-01-12,3240.0,3243.949951171875,3180.0,3217.449951171875,3003.740478515625,478892
2022-01-13,3240.0,3314.449951171875,3221.050048828125,3305.89990234375,3086.3154296875,463951
2022-01-14,3312.449951171875,3312.449951171875,3217.449951171875,3263.699951171875,3046.91845703125,614958
2022-01-17,3265.0,3300.0,3202.10009765625,3284.64990234375,3066.47705078125,624020
2022-01-18,3290.0,3319.5,3175.89990234375,3201.5,2988.849853515625,607433
2022-01-19,3200.0,3200.0,3058.050048828125,3088.25,2883.122314453125,858708
2022-01-20,3089.75,3128.64990234375,3005.199951171875,3051.050048828125,2848.39306640625,551856
2022-01-21,3026.0,3200.0,2920.0,3024.60009765625,2823.7001953125,1640071
2022-01-24,3025.949951171875,3060.0,2845.25,2947.35009765625,2751.581298828125,1189507
2022-01-25,2928.0,3072.35009765625,2845.25,3062.25,2858.84912109375,914743
2022-01-27,3001.050048828125,3034.949951171875,2890.5,2934.0,2739.117919921875,956035
2022-01-28,2989.449951171875,3110.0,2974.300048828125,3039.300048828125,2837.423583984375,474404
2022-01-31,3076.10009765625,3146.85009765625,3076.10009765625,3106.5,2900.159912109375,389982
2022-02-01,3140.0,3194.949951171875,3110.050048828125,3146.949951171875,2937.92333984375,339786
2022-02-02,3113.10009765625,3187.050048828125,3113.10009765625,3127.699951171875,2919.951904296875,342507
2022-02-03,3129.0,3129.949951171875,2990.300048828125,3013.75,2813.570556640625,302239
2022-02-04,2986.0,3064.60009765625,2977.300048828125,3051.85009765625,2849.139892578125,226441
2022-02-07,3051.699951171875,3077.949951171875,2995.0,3022.39990234375,2821.646240234375,193583
2022-02-08,3040.199951171875,3057.5,2940.0,2981.60009765625,2783.55615234375,235153
2022-02-09,2997.300048828125,3069.949951171875,2993.60009765625,3030.25,2828.974609375,384113
2022-02-10,3046.199951171875,3118.0,3020.0,3110.14990234375,2903.567626953125,634918
2022-02-11,3068.0,3077.64990234375,2945.0,3001.550048828125,2802.18115234375,589646
2022-02-14,2905.0,2988.64990234375,2883.0,2899.949951171875,2707.32958984375,475833
2022-02-15,2950.0,3007.199951171875,2863.449951171875,2993.89990234375,2795.038818359375,653338
2022-02-16,3000.0,3050.0,2966.14990234375,2988.949951171875,2790.41796875,476398
2022-02-17,3018.800048828125,3038.0,2991.89990234375,3009.550048828125,2809.649658203125,289180
2022-02-18,2952.0,3043.35009765625,2952.0,3021.949951171875,2821.22607421875,219536
2022-02-21,2980.0,3082.949951171875,2947.699951171875,3064.89990234375,2861.3232421875,502347
2022-02-22,2961.0,3145.5,2959.39990234375,3122.35009765625,2914.957275390625,841097
2022-02-23,3130.0,3169.0,3098.050048828125,3108.39990234375,2901.933837890625,429372
2022-02-24,2986.0,3063.949951171875,2930.0,2951.949951171875,2755.875732421875,432597
2022-02-25,3030.0,3099.5,2990.699951171875,3050.39990234375,2847.786376953125,289108
2022-02-28,3008.0,3132.64990234375,2975.0,3108.699951171875,2902.2138671875,546703
2022-03-02,3096.0,3173.0,3060.10009765625,3149.64990234375,2940.44384765625,390699
2022-03-03,3169.0,3245.0,3105.10009765625,3145.699951171875,2936.75634765625,900478
2022-03-04,3126.800048828125,3218.0,3092.10009765625,3187.14990234375,2975.453125,543605
2022-03-07,3135.0,3189.89990234375,3100.0,3126.39990234375,2918.73828125,826638
2022-03-08,3165.0,3200.0,3135.0,3175.300048828125,2964.39013671875,497170
2022-03-09,3201.14990234375,3267.10009765625,3190.35009765625,3214.449951171875,3000.939697265625,612713
2022-03-10,3250.0,3285.0,3181.10009765625,3201.89990234375,2989.22314453125,557311
2022-03-11,3201.89990234375,3300.0,3171.199951171875,3285.89990234375,3067.643798828125,326673
2022-03-14,3299.0,3359.89990234375,3262.199951171875,3313.14990234375,3093.083740234375,412311
2022-03-15,3318.0,3339.550048828125,3145.050048828125,3187.199951171875,2975.499755859375,917776
2022-03-16,3260.0,3269.64990234375,3023.10009765625,3098.0,2892.224609375,1328257
2022-03-17,3174.0,3176.949951171875,3097.949951171875,3106.89990234375,2900.533203125,643321
2022-03-21,3110.0,3152.39990234375,3070.0,3103.89990234375,2897.732666015625,539535
2022-03-22,3103.89990234375,3199.0,3095.550048828125,3186.64990234375,2974.986083984375,655289
2022-03-23,3191.0,3265.0,3182.050048828125,3240.89990234375,3025.6328125,517606
2022-03-24,3248.0,3347.300048828125,3232.0,3333.25,3111.848876953125,551259
2022-03-25,3333.25,3370.0,3267.050048828125,3279.14990234375,3061.34228515625,468977
2022-03-28,3289.800048828125,3356.0,3265.199951171875,3338.14990234375,3116.42333984375,459504
2022-03-29,3350.0,3404.949951171875,3335.0,3378.050048828125,3153.67333984375,366799
2022-03-30,3420.0,3439.0,3368.050048828125,3429.0,3201.23876953125,339830
2022-03-31,3444.39990234375,3465.800048828125,3354.0,3376.85009765625,3152.552978515625,519402
2022-04-01,3375.0,3389.60009765625,3316.050048828125,3344.050048828125,3121.931396484375,263995
2022-04-04,3338.0,3373.550048828125,3297.14990234375,3312.449951171875,3092.430419921875,349529
2022-04-05,3350.0,3367.949951171875,3310.0,3318.25,3097.844970703125,399785
2022-04-06,3310.0,3334.60009765625,3186.0,3197.75,2985.348876953125,707833
2022-04-07,3186.0,3208.39990234375,3151.10009765625,3165.0,2954.7744140625,446888
2022-04-08,3185.0,3216.0,3125.050048828125,3161.14990234375,2951.179931640625,430971
2022-04-11,3175.949951171875,3178.14990234375,3112.050048828125,3129.199951171875,2921.352294921875,336454
2022-04-12,3109.5,3121.10009765625,3041.0,3057.300048828125,2854.22802734375,423867
2022-04-13,3075.0,3088.0,3037.35009765625,3050.800048828125,2848.159912109375,224310
2022-04-18,2975.0,3005.550048828125,2824.199951171875,2879.89990234375,2688.611328125,1223666
2022-04-19,2916.89990234375,2975.0,2827.5,2857.050048828125,2667.279052734375,667020
2022-04-20,2875.0,2959.14990234375,2828.0,2886.050048828125,2694.35302734375,535240
2022-04-21,2929.0,2929.0,2861.10009765625,2900.75,2708.076416015625,438423
2022-04-22,2890.0,2940.0,2866.0,2895.85009765625,2703.501708984375,356851
2022-04-25,2880.0,2885.0,2784.050048828125,2794.85009765625,2609.210693359375,442407
2022-04-26,2846.449951171875,2846.449951171875,2746.699951171875,2767.5,2583.67724609375,448578
2022-04-27,2739.199951171875,2822.10009765625,2698.050048828125,2797.699951171875,2611.871337890625,463052
2022-04-28,2808.0,2837.699951171875,2746.050048828125,2798.050048828125,2612.197998046875,602016
2022-04-29,2860.0,2873.0,2790.0,2843.199951171875,2654.3486328125,680768
2022-05-02,2799.0,2823.0,2730.050048828125,2740.10009765625,2558.09716796875,282493
2022-05-04,2760.0,2764.14990234375,2655.0,2683.800048828125,2505.53662109375,372332
2022-05-05,2719.0,2723.949951171875,2670.550048828125,2693.14990234375,2514.265380859375,226449
2022-05-06,2626.0,2713.0,2560.050048828125,2694.050048828125,2515.10595703125,649080
2022-05-09,2670.0,2710.300048828125,2616.75,2641.550048828125,2466.0927734375,436963
2022-05-10,2640.0,2679.0,2610.800048828125,2650.5,2474.448486328125,301338
2022-05-11,2664.5,2671.25,2502.0,2627.449951171875,2452.92919921875,433239
2022-05-12,2580.5,2622.199951171875,2505.550048828125,2512.64990234375,2345.7548828125,314731
2022-05-13,2555.0,2579.89990234375,2430.0,2443.699951171875,2281.384521484375,417695
2022-05-16,2450.5,2495.949951171875,2410.050048828125,2477.89990234375,2313.312744140625,431644
2022-05-17,2488.0,2585.0,2477.0,2574.699951171875,2403.683349609375,361504
2022-05-18,2600.0,2697.85009765625,2593.300048828125,2643.14990234375,2467.58642578125,669942
2022-05-19,2550.0,2600.800048828125,2445.699951171875,2457.64990234375,2294.407958984375,672976
2022-05-20,2505.0,2519.85009765625,2450.300048828125,2459.050048828125,2295.715087890625,263903
2022-05-23,2469.0,2536.949951171875,2452.5,2520.10009765625,2352.7099609375,295765
2022-05-24,2525.0,2541.25,2470.10009765625,2488.64990234375,2323.3486328125,412184
2022-05-25,2460.0,2469.60009765625,2262.050048828125,2344.64990234375,2188.91357421875,1346883
2022-05-26,2357.0,2410.0,2319.699951171875,2399.050048828125,2239.700439453125,479355
2022-05-27,2436.0,2511.89990234375,2426.14990234375,2484.14990234375,2319.147705078125,269694
2022-05-30,2529.800048828125,2638.199951171875,2526.0,2586.699951171875,2414.88623046875,582060
2022-05-31,2582.0,2616.800048828125,2550.0,2593.550048828125,2421.28125,557655
2022-06-01,2599.0,2616.0,2520.050048828125,2529.449951171875,2361.438720703125,321628
2022-06-02,2529.699951171875,2610.0,2529.699951171875,2584.5,2412.832275390625,375883
2022-06-03,2650.0,2700.0,2558.89990234375,2568.050048828125,2397.474853515625,625250
2022-06-06,2549.0,2552.85009765625,2495.60009765625,2538.10009765625,2369.514404296875,209214
2022-06-07,2530.0,2530.0,2476.14990234375,2506.5,2340.01318359375,185160
2022-06-08,2510.0,2554.699951171875,2503.60009765625,2522.39990234375,2354.85693359375,303856
2022-06-09,2500.0,2616.85009765625,2482.0,2592.85009765625,2420.6279296875,757544
2022-06-10,2564.0,2576.75,2491.64990234375,2507.85009765625,2341.273681640625,373302
2022-06-13,2437.0,2442.550048828125,2356.25,2365.10009765625,2208.00537109375,437523
2022-06-14,2348.89990234375,2389.300048828125,2296.0,2306.35009765625,2153.15771484375,463627
2022-06-15,2316.5,2348.5,2310.550048828125,2338.75,2183.40576171875,357443
2022-06-16,2378.0,2399.85009765625,2294.0,2308.85009765625,2155.49169921875,981605
2022-06-17,2270.0,2285.25,2170.300048828125,2193.14990234375,2047.4765625,1081819
2022-06-20,2184.0,2204.60009765625,2112.050048828125,2179.050048828125,2034.313232421875,577009
2022-06-21,2200.0,2300.0,2159.25,2285.14990234375,2133.36572265625,521526
2022-06-22,2280.0,2325.050048828125,2228.0,2287.050048828125,2135.139404296875,969838
2022-06-23,2297.050048828125,2338.60009765625,2284.199951171875,2310.89990234375,2157.4052734375,569468
2022-06-24,2320.0,2344.0,2252.39990234375,2260.64990234375,2110.492919921875,808684
2022-06-27,2294.949951171875,2350.0,2294.949951171875,2338.75,2183.40576171875,418206
2022-06-28,2320.0,2379.60009765625,2300.0,2370.949951171875,2213.466796875,361325
2022-06-29,2337.550048828125,2343.85009765625,2305.75,2314.64990234375,2160.90625,726355
2022-06-30,2339.0,2352.699951171875,2273.0,2294.050048828125,2141.6748046875,334462
2022-07-01,2279.199951171875,2299.449951171875,2220.10009765625,2241.14990234375,2092.2880859375,332856
2022-07-04,2252.89990234375,2264.0,2185.0,2228.75,2080.7119140625,298460
2022-07-05,2194.89990234375,2229.949951171875,2161.0,2169.949951171875,2068.51025390625,557928
2022-07-06,2170.0,2231.949951171875,2152.550048828125,2204.300048828125,2146.762939453125,362899
2022-07-07,2220.0,2255.0,2185.050048828125,2209.85009765625,2152.168212890625,358481
2022-07-08,2242.60009765625,2271.75,2208.0,2232.800048828125,2174.51904296875,368033
2022-07-11,2201.0,2214.5,2131.0,2201.35009765625,2143.89013671875,498479
2022-07-12,2196.800048828125,2234.0,2155.0,2164.949951171875,2108.43994140625,443194
2022-07-13,2178.64990234375,2192.949951171875,2140.0,2147.050048828125,2091.00732421875,329805
2022-07-14,2163.949951171875,2172.25,2090.0,2111.199951171875,2056.093017578125,528566
2022-07-15,2122.300048828125,2144.89990234375,2070.5,2141.550048828125,2085.65087890625,885044
2022-07-18,2160.0,2203.949951171875,2141.199951171875,2159.0,2102.645263671875,567322
2022-07-19,2158.0,2173.300048828125,2132.0,2146.800048828125,2090.763916015625,591954
2022-07-20,2180.0,2269.949951171875,2165.5,2256.35009765625,2197.454345703125,817926
2022-07-21,2270.0,2274.0,2216.0,2259.64990234375,2200.668212890625,645966
2022-07-22,2264.800048828125,2298.0,2173.0,2276.449951171875,2217.029541015625,1217951
2022-07-25,2290.0,2342.0,2264.949951171875,2322.35009765625,2261.731689453125,1112984
2022-07-26,2318.0,2320.0,2170.0,2177.550048828125,2120.711181640625,1219513
2022-07-27,2186.60009765625,2223.800048828125,2151.0,2217.949951171875,2160.056640625,679285
2022-07-28,2244.949951171875,2257.550048828125,2216.35009765625,2236.199951171875,2177.830322265625,595036
2022-07-29,2264.800048828125,2319.0,2261.300048828125,2299.800048828125,2239.770263671875,867621
2022-08-01,2330.0,2334.14990234375,2291.85009765625,2305.949951171875,2245.759521484375,475779
2022-08-02,2305.949951171875,2305.949951171875,2265.300048828125,2282.800048828125,2223.2138671875,301778
2022-08-03,2282.0,2328.0,2261.0,2320.0,2259.44287109375,672850
2022-08-04,2345.0,2386.949951171875,2308.0,2371.449951171875,2309.5498046875,1057557
2022-08-05,2380.0,2410.0,2365.0,2394.85009765625,2332.33935546875,451844
2022-08-08,2399.949951171875,2408.199951171875,2364.550048828125,2391.14990234375,2328.735595703125,305148
2022-08-10,2390.0,2391.14990234375,2312.75,2364.39990234375,2302.683837890625,398935
2022-08-11,2380.699951171875,2429.85009765625,2380.699951171875,2424.75,2361.458740234375,451705
2022-08-12,2426.199951171875,2427.949951171875,2362.550048828125,2373.949951171875,2311.984619140625,485288
2022-08-16,2413.89990234375,2413.89990234375,2343.5,2353.75,2292.31201171875,278989
2022-08-17,2369.800048828125,2419.0,2348.14990234375,2404.39990234375,2341.639892578125,554084
2022-08-18,2404.0,2419.0,2353.0,2411.199951171875,2348.262451171875,462934
2022-08-19,2423.0,2444.89990234375,2372.25,2394.14990234375,2331.657470703125,614666
2022-08-22,2389.0,2389.0,2330.0,2346.300048828125,2285.056396484375,688091
2022-08-23,2310.0,2315.39990234375,2215.10009765625,2264.949951171875,2205.829833984375,911999
2022-08-24,2275.0,2294.199951171875,2210.0,2220.39990234375,2162.442626953125,591632
2022-08-25,2239.800048828125,2245.0,2188.0,2192.949951171875,2135.709228515625,362956
2022-08-26,2221.550048828125,2232.949951171875,2156.85009765625,2166.050048828125,2109.511474609375,537381
2022-08-29,2075.0,2119.949951171875,2062.050048828125,2087.300048828125,2032.8170166015625,582186
2022-08-30,2146.0,2148.949951171875,2090.10009765625,2130.949951171875,2075.327392578125,549308
2022-09-01,2118.0,2137.800048828125,2081.0,2094.60009765625,2039.926513671875,532533
2022-09-02,2116.25,2116.85009765625,2070.050048828125,2072.85009765625,2018.744140625,524466
2022-09-05,2073.0,2098.199951171875,2070.25,2092.39990234375,2037.78369140625,392956
2022-09-06,2100.0,2111.699951171875,2055.050048828125,2061.050048828125,2007.252197265625,590972
2022-09-07,2055.0,2092.199951171875,2035.0,2083.949951171875,2029.5543212890625,457584
2022-09-08,2122.0,2136.60009765625,2081.550048828125,2096.60009765625,2041.874267578125,371054
2022-09-09,2121.75,2158.0,2092.0,2144.85009765625,2088.86474609375,348807
2022-09-12,2166.0,2178.85009765625,2141.14990234375,2160.60009765625,2104.20361328125,538099
2022-09-13,2180.0,2182.0,2143.14990234375,2152.10009765625,2095.925537109375,384532
2022-09-14,2075.300048828125,2103.75,2075.300048828125,2089.64990234375,2035.10546875,687260
2022-09-15,2100.10009765625,2111.35009765625,2071.050048828125,2096.64990234375,2041.9227294921875,226664
2022-09-16,2090.0,2090.5,2002.1500244140625,2016.3499755859375,1963.7188720703125,582948
2022-09-19,2023.949951171875,2040.0,1991.0999755859375,2028.1500244140625,1975.2109375,443410
2022-09-20,2035.4000244140625,2115.0,2035.4000244140625,2072.85009765625,2018.744140625,526606
2022-09-21,2064.949951171875,2095.699951171875,2050.0,2075.10009765625,2020.9354248046875,363504
2022-09-22,2051.64990234375,2097.89990234375,2045.050048828125,2058.699951171875,2004.96337890625,402091
2022-09-23,2031.0,2076.89990234375,2010.5,2019.449951171875,1966.7379150390625,472795
2022-09-26,2005.0,2064.5,1981.550048828125,2042.800048828125,1989.478515625,569497
2022-09-27,2051.0,2084.10009765625,2018.050048828125,2052.75,1999.168701171875,520323
2022-09-28,2050.5,2099.0,2042.0,2082.5,2028.1422119140625,602215
2022-09-29,2100.949951171875,2108.5,2051.25,2075.949951171875,2021.7630615234375,1543877
2022-09-30,2052.0,2105.0,2052.0,2087.64990234375,2033.15771484375,891735
2022-10-03,2088.050048828125,2097.89990234375,2000.0999755859375,2006.300048828125,1953.9312744140625,693743
2022-10-04,2040.0,2078.10009765625,2026.300048828125,2068.0,2014.0206298828125,835622
2022-10-06,2079.0,2130.550048828125,2075.050048828125,2122.050048828125,2066.659912109375,1035068
2022-10-07,2137.800048828125,2139.800048828125,2083.5,2118.449951171875,2063.15380859375,449791
2022-10-10,2080.0,2133.0,2068.0,2126.5,2070.99365234375,329230
2022-10-11,2137.699951171875,2153.60009765625,2080.0,2093.800048828125,2039.1473388671875,601969
2022-10-12,2090.0,2105.0,2046.0,2087.60009765625,2033.109130859375,481258
2022-10-13,2078.0,2105.800048828125,2059.0,2086.60009765625,2032.13525390625,217471
2022-10-14,2138.0,2150.0,2097.0,2105.699951171875,2050.736572265625,578289
2022-10-17,2100.0,2112.0,2082.199951171875,2100.949951171875,2046.110595703125,321142
2022-10-18,2111.699951171875,2132.0,2106.0,2115.0,2059.7939453125,311138
2022-10-19,2117.0,2125.449951171875,2106.75,2109.449951171875,2054.388671875,149644
2022-10-20,2100.0,2151.0,2071.550048828125,2147.39990234375,2091.34814453125,418957
2022-10-21,2120.0,2130.0,2032.3499755859375,2042.949951171875,1989.62451171875,1176766
2022-10-24,2051.10009765625,2066.0,2026.4000244140625,2038.0,1984.8037109375,52373
2022-10-25,2054.0,2055.0,2020.0,2034.4000244140625,1981.2977294921875,335214
2022-10-27,2055.25,2055.25,1961.0,1969.949951171875,1918.5299072265625,691102
2022-10-28,1970.0,1982.0,1928.5,1947.8499755859375,1897.0068359375,837372
2022-10-31,1960.0,1989.699951171875,1959.0,1978.5,1926.8568115234375,378914
2022-11-01,1988.4000244140625,2015.5,1977.0999755859375,2011.300048828125,1958.80078125,426274
2022-11-02,2019.0,2041.949951171875,2003.0,2036.1500244140625,1983.0020751953125,312704
2022-11-03,2005.0,2009.0,1981.0,1989.699951171875,1937.764404296875,466764
2022-11-04,1990.0,1993.6500244140625,1956.0,1969.800048828125,1918.3839111328125,294554
2022-11-07,1975.300048828125,1987.9000244140625,1951.449951171875,1981.050048828125,1929.34033203125,431966
2022-11-09,1985.9000244140625,1996.6500244140625,1941.0,1949.6500244140625,1898.7598876953125,464504
2022-11-10,1939.0,1954.800048828125,1914.050048828125,1928.1500244140625,1877.821044921875,425487
2022-11-11,1965.0999755859375,2034.0,1962.949951171875,2026.6500244140625,1973.75,1345942
2022-11-14,2048.0,2063.0,2024.0,2035.4000244140625,1982.2716064453125,529228
2022-11-15,2030.0,2050.0,1987.300048828125,2013.6500244140625,1961.08935546875,505605
2022-11-16,2014.0,2039.6500244140625,2000.0,2036.449951171875,1983.294189453125,476391
2022-11-17,2020.5,2038.050048828125,1965.0,1972.550048828125,1921.0621337890625,519462
2022-11-18,1978.0,1987.449951171875,1936.0,1948.5999755859375,1897.7373046875,449785
2022-11-21,1949.050048828125,1952.0,1922.050048828125,1925.4000244140625,1875.142822265625,428671
2022-11-22,1925.0,1934.699951171875,1898.5,1923.949951171875,1873.730712890625,720683
2022-11-23,1932.0,1948.0,1898.0,1899.6500244140625,1850.0650634765625,586691
2022-11-24,1909.1500244140625,1948.199951171875,1901.050048828125,1941.25,1890.5791015625,717399
2022-11-25,1950.0,1999.949951171875,1930.5,1989.550048828125,1937.618408203125,582576
2022-11-28,1989.75,2022.5,1974.0,2011.6500244140625,1959.1416015625,353028
2022-11-29,2006.5,2020.0,1994.4000244140625,2003.6500244140625,1951.350341796875,261501
2022-11-30,2006.0,2032.5,1977.050048828125,2017.25,1964.5953369140625,638173
2022-12-01,2047.0,2146.0,2040.0,2135.199951171875,2079.466552734375,1799183
2022-12-02,2160.0,2168.0,2133.699951171875,2157.35009765625,2101.03857421875,720904
2022-12-05,2164.949951171875,2176.949951171875,2112.199951171875,2135.949951171875,2080.197021484375,358098
2022-12-06,2124.85009765625,2128.0,2080.050048828125,2095.60009765625,2040.900390625,552477
2022-12-07,2093.800048828125,2093.800048828125,2053.5,2070.25,2016.2119140625,617199
2022-12-08,2087.0,2087.0,2056.050048828125,2080.449951171875,2026.1456298828125,282639
2022-12-09,2095.0,2098.800048828125,1975.550048828125,1997.300048828125,1945.1661376953125,584153
2022-12-12,1996.5,2020.5999755859375,1954.25,1998.9000244140625,1946.724365234375,407461
2022-12-13,2009.4000244140625,2018.949951171875,1982.949951171875,1988.8499755859375,1936.9366455078125,559205
2022-12-14,2008.0,2032.0,1985.0,2000.8499755859375,1948.6234130859375,456721
2022-12-15,1988.050048828125,1999.0,1957.550048828125,1962.3499755859375,1911.1282958984375,456609
2022-12-16,1944.5,1978.050048828125,1899.75,1913.1500244140625,1863.212646484375,1423859
2022-12-19,1921.0,1929.0999755859375,1896.050048828125,1923.050048828125,1872.854248046875,323348
2022-12-20,1923.050048828125,1959.4000244140625,1902.0,1950.699951171875,1899.782470703125,357921
2022-12-21,1960.5,1982.0,1948.0,1959.3499755859375,1908.2066650390625,297312
2022-12-22,1987.0,1994.300048828125,1963.5,1989.1500244140625,1937.2288818359375,399957
2022-12-23,1984.0,1984.0,1904.0,1919.449951171875,1869.34814453125,302970
2022-12-26,1919.449951171875,1938.0,1910.0,1916.75,1866.7186279296875,337990
2022-12-27,1926.300048828125,1950.0,1914.25,1942.0,1891.3095703125,240021
2022-12-28,1934.0,1951.699951171875,1916.199951171875,1940.4000244140625,1889.7513427734375,337565
2022-12-29,1921.9000244140625,1941.800048828125,1915.199951171875,1931.5999755859375,1881.1810302734375,556989
2022-12-30,1956.0999755859375,2001.9000244140625,1950.0,1972.800048828125,1921.3056640625,652304
2023-01-02,1985.0,1985.75,1932.6500244140625,1969.4000244140625,1917.994384765625,315327
2023-01-03,1969.5,2017.0,1963.25,2004.300048828125,1951.9833984375,390461
2023-01-04,2007.0,2017.4000244140625,1973.0,2006.3499755859375,1953.9798583984375,468753
2023-01-05,2015.0,2018.0,1980.550048828125,2013.4000244140625,1960.8458251953125,378231
2023-01-06,2010.0,2030.0,1967.550048828125,1977.699951171875,1926.07763671875,596221
2023-01-09,1990.949951171875,2028.949951171875,1986.8499755859375,1999.5,1947.3087158203125,335236
2023-01-10,1990.0,1995.0,1954.0,1988.75,1936.8392333984375,259070
2023-01-11,1988.75,2052.0,1975.8499755859375,2029.0,1976.0386962890625,678584
2023-01-12,2040.0,2050.199951171875,1991.9000244140625,2014.4000244140625,1961.81982421875,334707
2023-01-13,2025.0,2042.6500244140625,1962.0999755859375,2035.25,1982.12548828125,624989
2023-01-16,2044.949951171875,2053.14990234375,2019.0,2039.9000244140625,1986.6541748046875,259852
2023-01-17,2041.0,2048.35009765625,2026.5999755859375,2041.5,1988.21240234375,151554
2023-01-18,2043.0,2056.699951171875,2037.949951171875,2047.050048828125,1993.6175537109375,239104
2023-01-19,2035.0,2071.64990234375,2027.8499755859375,2067.35009765625,2013.3876953125,224500
2023-01-20,2039.050048828125,2048.39990234375,1959.949951171875,2024.6500244140625,1971.80224609375,1260169
2023-01-23,2026.0,2064.300048828125,1999.0,2058.800048828125,2005.0609130859375,416099
2023-01-24,2065.5,2143.699951171875,2055.25,2117.199951171875,2061.9365234375,953857
2023-01-25,2118.0,2123.85009765625,2057.60009765625,2070.0,2015.968505859375,388559
2023-01-27,2089.0,2108.949951171875,2042.25,2072.39990234375,2018.3057861328125,453614
2023-01-30,2070.0,2125.0,2053.60009765625,2116.85009765625,2061.595703125,630496
2023-01-31,2119.949951171875,2122.60009765625,2068.0,2072.800048828125,2018.6954345703125,434683
2023-02-01,2085.0,2100.0,2044.3499755859375,2072.14990234375,2018.062255859375,196539
2023-02-02,2098.0,2110.0,2070.050048828125,2095.800048828125,2041.0950927734375,324450
2023-02-03,2112.0,2114.949951171875,2076.699951171875,2087.300048828125,2032.8170166015625,267860
2023-02-06,2087.75,2104.39990234375,2055.550048828125,2094.60009765625,2039.926513671875,167480
2023-02-07,2094.60009765625,2119.64990234375,2086.800048828125,2091.14990234375,2036.5662841796875,186256
2023-02-08,2105.75,2149.89990234375,2105.14990234375,2126.800048828125,2071.285888671875,396080
2023-02-09,2126.0,2144.39990234375,2104.0,2140.14990234375,2084.287353515625,135845
2023-02-10,2140.0,2157.0,2125.14990234375,2153.35009765625,2097.14306640625,193468
2023-02-13,2164.14990234375,2164.14990234375,2099.89990234375,2128.60009765625,2073.0390625,243747
2023-02-14,2128.60009765625,2168.0,2126.800048828125,2152.14990234375,2095.97412109375,245721
2023-02-15,2150.050048828125,2172.0,2123.449951171875,2158.699951171875,2102.353271484375,232991
2023-02-16,2169.5,2271.550048828125,2165.0,2262.550048828125,2203.492431640625,1188258
2023-02-17,2245.0,2262.800048828125,2212.89990234375,2236.550048828125,2178.171142578125,523265
2023-02-20,2225.550048828125,2255.75,2210.0,2243.10009765625,2184.55029296875,440065
2023-02-21,2254.35009765625,2290.0,2205.0,2210.300048828125,2152.6064453125,442832
2023-02-22,2186.60009765625,2208.449951171875,2165.0,2200.0,2142.5751953125,317563
2023-02-23,2200.0,2207.449951171875,2162.550048828125,2183.050048828125,2126.067626953125,331969
2023-02-24,2194.0,2210.0,2161.35009765625,2197.949951171875,2140.57861328125,317547
2023-02-27,2150.0,2151.0,2021.9000244140625,2039.8499755859375,1986.60546875,1287017
2023-02-28,2048.949951171875,2086.0,2023.5999755859375,2035.4000244140625,1982.2716064453125,1527840
2023-03-01,2035.0,2081.0,2028.300048828125,2060.39990234375,2006.6190185546875,258083
2023-03-02,2043.0,2077.550048828125,2012.800048828125,2047.199951171875,1993.7635498046875,529211
2023-03-03,2052.949951171875,2091.550048828125,2038.0,2079.199951171875,2024.9283447265625,351099
2023-03-06,2085.0,2145.550048828125,2085.0,2138.449951171875,2082.6318359375,488708
2023-03-08,2118.5,2149.800048828125,2085.0,2144.89990234375,2088.913330078125,306958
2023-03-09,2148.949951171875,2154.949951171875,2098.60009765625,2104.89990234375,2049.95751953125,145057
2023-03-10,2065.35009765625,2078.800048828125,2032.0,2038.949951171875,1985.7288818359375,474820
2023-03-13,2047.0999755859375,2067.89990234375,1953.0,1961.75,1910.5440673828125,459395
2023-03-14,1971.5999755859375,1976.8499755859375,1886.3499755859375,1896.699951171875,1847.19189453125,1046921
2023-03-15,1910.0,1925.0,1890.0,1899.3499755859375,1849.7728271484375,531708
2023-03-16,1899.3499755859375,1912.8499755859375,1862.949951171875,1905.050048828125,1855.3240966796875,333657
2023-03-17,1923.25,1932.9000244140625,1876.5,1886.4000244140625,1837.160888671875,1416238
2023-03-20,1853.800048828125,1879.949951171875,1810.050048828125,1823.3499755859375,1775.756591796875,605197
2023-03-21,1823.0,1828.800048828125,1785.800048828125,1792.300048828125,1745.51708984375,596353
2023-03-22,1808.0,1836.8499755859375,1792.1500244140625,1799.3499755859375,1752.383056640625,735379
2023-03-23,1799.0,1799.0,1763.550048828125,1782.8499755859375,1736.313720703125,360986
2023-03-24,1789.0,1812.0,1727.1500244140625,1737.4000244140625,1692.050048828125,450064
2023-03-27,1745.0999755859375,1768.550048828125,1720.0999755859375,1724.75,1679.730224609375,542919
2023-03-28,1712.5999755859375,1713.949951171875,1661.199951171875,1669.0999755859375,1625.5328369140625,807937
2023-03-29,1670.0,1749.550048828125,1670.0,1718.199951171875,1673.3511962890625,3001937
2023-03-31,1732.949951171875,1802.449951171875,1732.949951171875,1795.75,1748.876953125,748058
2023-04-03,1812.0,1818.0,1769.550048828125,1797.6500244140625,1750.7274169921875,314524
2023-04-05,1801.5999755859375,1827.0,1787.0,1815.6500244140625,1768.257568359375,400995
2023-04-06,1805.6500244140625,1826.25,1766.3499755859375,1794.0999755859375,1747.27001953125,248868
2023-04-10,1799.949951171875,1819.0,1786.449951171875,1811.699951171875,1764.41064453125,235546
2023-04-11,1818.5,1847.699951171875,1790.050048828125,1799.050048828125,1752.0909423828125,537815
2023-04-12,1806.949951171875,1825.25,1788.0,1820.5999755859375,1773.078369140625,268871
2023-04-13,1804.0,1809.949951171875,1755.5999755859375,1771.050048828125,1724.82177734375,598354
2023-04-17,1749.949951171875,1749.949951171875,1660.050048828125,1736.550048828125,1691.2222900390625,1218305
2023-04-18,1744.0,1789.0,1733.75,1783.800048828125,1737.239013671875,390524
2023-04-19,1792.0,1793.199951171875,1760.0,1784.050048828125,1737.482421875,307190
2023-04-20,1785.0,1799.0,1754.0999755859375,1758.0,1712.1123046875,252068
2023-04-21,1730.050048828125,1762.949951171875,1725.0,1759.949951171875,1714.0113525390625,410227
2023-04-24,1765.0,1768.949951171875,1734.0999755859375,1760.300048828125,1714.3524169921875,482497
2023-04-25,1760.0,1773.9000244140625,1734.8499755859375,1759.800048828125,1713.865478515625,513355
2023-04-26,1755.75,1769.5,1743.800048828125,1760.0,1714.0601806640625,463884
2023-04-27,1751.75,1806.6500244140625,1751.75,1784.050048828125,1737.482421875,504125
2023-04-28,1751.0,1843.699951171875,1751.0,1814.449951171875,1767.0888671875,1043873
2023-05-02,1823.949951171875,1879.0,1821.0,1861.050048828125,1812.4725341796875,799693
2023-05-03,1824.0,1858.5,1806.5999755859375,1852.4000244140625,1804.04833984375,414566
2023-05-04,1857.0,1862.0999755859375,1838.050048828125,1844.9000244140625,1796.744140625,209106
2023-05-05,1845.0,1852.0,1812.5,1820.0,1772.4940185546875,203833
2023-05-08,1839.0,1860.0,1829.300048828125,1850.800048828125,1802.4901123046875,359581
2023-05-09,1851.0,1874.949951171875,1837.1500244140625,1860.199951171875,1811.6446533203125,414152
2023-05-10,1870.0,1879.4000244140625,1850.449951171875,1865.800048828125,1817.0986328125,589666
2023-05-11,1884.0,1889.949951171875,1863.050048828125,1872.199951171875,1823.3314208984375,171687
2023-05-12,1875.199951171875,1877.949951171875,1842.5,1852.3499755859375,1803.9996337890625,276950
2023-05-15,1850.050048828125,1872.0,1842.6500244140625,1865.050048828125,1816.3681640625,208388
2023-05-16,1874.9000244140625,1899.25,1861.25,1880.1500244140625,1831.073974609375,299566
2023-05-17,1880.1500244140625,1890.0,1839.5999755859375,1860.6500244140625,1812.0830078125,296129
2023-05-18,1869.9000244140625,1879.949951171875,1850.0,1862.199951171875,1813.5924072265625,244990
2023-05-19,1862.199951171875,1927.75,1848.550048828125,1906.5,1856.7362060546875,737768
2023-05-22,1914.800048828125,1974.699951171875,1907.5,1968.800048828125,1917.4100341796875,596977
2023-05-23,1980.0,1995.0,1935.0,1944.25,1893.5008544921875,436514
2023-05-24,1938.0,1954.8499755859375,1911.25,1947.800048828125,1896.958251953125,314938
2023-05-25,1957.0,1957.0,1916.949951171875,1933.9000244140625,1883.4210205078125,199824
2023-05-26,1947.550048828125,1992.449951171875,1944.0,1974.699951171875,1923.156005859375,576992
2023-05-29,1982.199951171875,2000.0,1960.550048828125,1967.8499755859375,1916.4847412109375,379011
2023-05-30,1975.5,1985.199951171875,1960.800048828125,1974.9000244140625,1923.350830078125,277684
2023-05-31,1965.199951171875,1975.0,1931.3499755859375,1946.8499755859375,1896.032958984375,1212827
2023-06-01,1955.0,2023.0,1955.0,1977.3499755859375,1925.73681640625,778642
2023-06-02,1997.0,2032.800048828125,1978.6500244140625,2017.6500244140625,1964.9849853515625,650822
2023-06-05,2025.0,2040.0,1977.300048828125,1987.3499755859375,1935.475830078125,575415
2023-06-06,1947.550048828125,1947.550048828125,1895.0,1914.4000244140625,1864.4300537109375,906257
2023-06-07,1923.949951171875,1934.0,1903.25,1908.75,1858.927490234375,489623
2023-06-08,1906.0,1908.75,1860.0,1863.8499755859375,1815.199462890625,589171
2023-06-09,1870.0,1874.8499755859375,1843.0,1853.25,1804.8760986328125,374786
2023-06-12,1856.949951171875,1893.0,1850.0,1889.949951171875,1840.6181640625,325236
2023-06-13,1899.9000244140625,1914.0,1891.0,1898.25,1848.7015380859375,215275
2023-06-14,1890.0,1898.1500244140625,1872.75,1877.25,1828.2496337890625,219687
2023-06-15,1880.0,1893.550048828125,1869.1500244140625,1875.0999755859375,1826.15576171875,259571
2023-06-16,1855.0,1892.0,1852.0999755859375,1860.050048828125,1811.4986572265625,666741
2023-06-19,1867.0,1879.0,1854.1500244140625,1873.050048828125,1824.1593017578125,263493
2023-06-20,1873.050048828125,1889.0,1854.300048828125,1884.5,1835.3104248046875,589667
2023-06-21,1880.0,1888.9000244140625,1870.0,1876.75,1827.7626953125,249164
2023-06-22,1865.6500244140625,1869.949951171875,1850.0999755859375,1855.050048828125,1806.629150390625,517032
2023-06-23,1854.800048828125,1857.0,1826.300048828125,1831.050048828125,1783.255615234375,347429
2023-06-26,1828.0,1839.050048828125,1807.5999755859375,1814.0,1766.650634765625,1020207
2023-06-27,1818.0,1842.0,1813.4000244140625,1839.25,1791.2415771484375,443340
2023-06-28,1839.25,1839.25,1839.25,1839.25,1791.2415771484375,0
2023-06-30,1875.0,1922.0,1850.300048828125,1895.050048828125,1845.5850830078125,937648
2023-07-03,1917.0,1926.8499755859375,1891.199951171875,1903.3499755859375,1853.6683349609375,543978
2023-07-04,1912.0,1921.9000244140625,1900.0,1915.550048828125,1865.550048828125,442884
2023-07-05,1874.9000244140625,1884.449951171875,1853.0,1882.050048828125,1882.050048828125,617494
2023-07-06,1877.5999755859375,1891.199951171875,1872.199951171875,1882.75,1882.75,375110
2023-07-07,1872.800048828125,1898.699951171875,1861.449951171875,1877.5,1877.5,437357
2023-07-10,1880.0,1892.449951171875,1850.0,1884.5999755859375,1884.5999755859375,434173
2023-07-11,1885.0,1913.300048828125,1880.0,1908.8499755859375,1908.8499755859375,449393
2023-07-12,1904.199951171875,1919.0999755859375,1889.5,1904.0,1904.0,319792
2023-07-13,1905.0,1954.800048828125,1901.75,1922.199951171875,1922.199951171875,795780
2023-07-14,1940.0,2079.0,1935.0,2069.550048828125,2069.550048828125,2663627
2023-07-17,2095.89990234375,2198.0,2080.050048828125,2123.75,2123.75,2680349
2023-07-18,2136.949951171875,2143.89990234375,2089.949951171875,2123.39990234375,2123.39990234375,720149
2023-07-19,2125.0,2175.0,2105.050048828125,2169.800048828125,2169.800048828125,690457
2023-07-20,2171.0,2220.949951171875,2160.0,2213.89990234375,2213.89990234375,936054
2023-07-21,2115.050048828125,2350.0,2112.10009765625,2330.85009765625,2330.85009765625,3363261
2023-07-24,2330.85009765625,2330.85009765625,2218.949951171875,2272.60009765625,2272.60009765625,1341158
2023-07-25,2272.60009765625,2300.0,2252.64990234375,2268.10009765625,2268.10009765625,465020
2023-07-26,2275.0,2316.550048828125,2245.39990234375,2254.449951171875,2254.449951171875,460927
2023-07-27,2254.449951171875,2322.0,2254.449951171875,2280.949951171875,2280.949951171875,317414
2023-07-28,2299.14990234375,2299.14990234375,2216.75,2250.35009765625,2250.35009765625,303060
2023-07-31,2254.949951171875,2300.0,2249.550048828125,2294.949951171875,2294.949951171875,264781
2023-08-01,2295.0,2321.0,2275.5,2294.60009765625,2294.60009765625,777930
2023-08-02,2289.050048828125,2289.050048828125,2183.0,2208.0,2208.0,862983
2023-08-03,2210.0,2242.199951171875,2195.25,2236.64990234375,2236.64990234375,390088
2023-08-04,2255.0,2279.0,2244.0,2263.64990234375,2263.64990234375,233173
2023-08-07,2265.5,2342.449951171875,2260.0,2330.14990234375,2330.14990234375,462263
2023-08-08,2345.5,2380.0,2320.85009765625,2340.14990234375,2340.14990234375,692715
2023-08-09,2333.0,2368.699951171875,2300.85009765625,2363.300048828125,2363.300048828125,551091
2023-08-10,2357.949951171875,2378.89990234375,2323.550048828125,2348.89990234375,2348.89990234375,314682
2023-08-11,2350.0,2369.0,2306.0,2329.64990234375,2329.64990234375,226666
2023-08-14,2296.0,2375.699951171875,2285.0,2367.550048828125,2367.550048828125,358483
2023-08-16,2367.550048828125,2387.449951171875,2302.300048828125,2314.35009765625,2314.35009765625,742798
2023-08-17,2310.0,2351.199951171875,2305.60009765625,2339.89990234375,2339.89990234375,255090
2023-08-18,2332.800048828125,2332.800048828125,2255.0,2291.050048828125,2291.050048828125,641460
2023-08-21,2292.0,2365.5,2221.0,2316.89990234375,2316.89990234375,701721
2023-08-22,2339.89990234375,2373.25,2325.5,2368.5,2368.5,505599
2023-08-23,2369.0,2384.0,2340.550048828125,2354.199951171875,2354.199951171875,207669
2023-08-24,2374.0,2472.949951171875,2358.14990234375,2463.89990234375,2463.89990234375,1525452
2023-08-25,2453.0,2491.0,2385.050048828125,2392.10009765625,2392.10009765625,510770
2023-08-28,2404.85009765625,2410.0,2322.25,2330.550048828125,2330.550048828125,647164
2023-08-29,2326.0,2342.199951171875,2301.25,2311.0,2311.0,569342
2023-08-30,2328.0,2383.75,2323.10009765625,2365.85009765625,2365.85009765625,534401
2023-08-31,2365.85009765625,2454.0,2352.5,2428.800048828125,2428.800048828125,1054296
2023-09-01,2441.550048828125,2447.449951171875,2415.5,2433.199951171875,2433.199951171875,319368
2023-09-04,2435.10009765625,2509.85009765625,2409.25,2492.39990234375,2492.39990234375,751782
2023-09-05,2509.0,2552.0,2483.35009765625,2521.89990234375,2521.89990234375,787166
2023-09-06,2521.89990234375,2534.550048828125,2451.85009765625,2475.75,2475.75,381201
2023-09-07,2470.0,2499.14990234375,2452.550048828125,2468.449951171875,2468.449951171875,207780
2023-09-08,2469.949951171875,2485.0,2442.800048828125,2466.14990234375,2466.14990234375,198731
2023-09-11,2466.949951171875,2489.89990234375,2456.85009765625,2476.449951171875,2476.449951171875,147558
2023-09-12,2468.5,2487.25,2406.64990234375,2468.199951171875,2468.199951171875,314442
2023-09-13,2464.949951171875,2466.699951171875,2417.699951171875,2445.10009765625,2445.10009765625,192012
2023-09-14,2447.949951171875,2517.550048828125,2447.949951171875,2461.949951171875,2461.949951171875,256894
2023-09-15,2470.0,2528.550048828125,2470.0,2493.14990234375,2493.14990234375,618418
2023-09-18,2481.050048828125,2500.0,2455.0,2484.0,2484.0,211576
2023-09-20,2470.949951171875,2497.75,2451.85009765625,2482.699951171875,2482.699951171875,234752
2023-09-21,2468.800048828125,2495.0,2456.39990234375,2488.10009765625,2488.10009765625,187645
2023-09-22,2467.10009765625,2495.60009765625,2447.10009765625,2486.0,2486.0,172477
2023-09-25,2480.0,2520.0,2473.300048828125,2493.39990234375,2493.39990234375,565639
2023-09-26,2492.5,2492.5,2414.0,2441.449951171875,2441.449951171875,435785
2023-09-27,2441.050048828125,2475.449951171875,2435.0,2470.0,2470.0,217869
2023-09-28,2466.75,2479.25,2366.0,2385.800048828125,2385.800048828125,301535
2023-09-29,2398.39990234375,2415.75,2342.300048828125,2376.60009765625,2376.60009765625,317769
2023-10-03,2376.60009765625,2385.0,2326.0,2379.75,2379.75,275795
2023-10-04,2367.0,2460.0,2344.75,2427.300048828125,2427.300048828125,591301
2023-10-05,2440.10009765625,2480.050048828125,2420.050048828125,2471.199951171875,2471.199951171875,495274
2023-10-06,2478.949951171875,2496.5,2456.5,2491.0,2491.0,551243
2023-10-09,2461.60009765625,2499.0,2454.0,2475.0,2475.0,365316
2023-10-10,2477.050048828125,2492.0,2453.75,2480.199951171875,2480.199951171875,232512
2023-10-11,2483.0,2545.89990234375,2459.0,2464.10009765625,2464.10009765625,571092
2023-10-12,2465.050048828125,2504.89990234375,2445.0,2455.85009765625,2455.85009765625,353126
2023-10-13,2424.64990234375,2461.449951171875,2350.0,2376.199951171875,2376.199951171875,721304
2023-10-16,2360.0,2386.300048828125,2348.0,2359.5,2359.5,332215
2023-10-17,2369.949951171875,2371.89990234375,2287.39990234375,2290.75,2290.75,756678
2023-10-18,2292.0,2303.0,2241.35009765625,2255.199951171875,2255.199951171875,428758
2023-10-19,2250.550048828125,2310.0,2228.300048828125,2260.699951171875,2260.699951171875,676044
2023-10-20,2205.0,2317.5,2133.699951171875,2169.75,2169.75,1454070
2023-10-23,2172.0,2211.949951171875,2111.050048828125,2121.14990234375,2121.14990234375,1011372
2023-10-25,2130.0,2162.949951171875,2122.0,2127.60009765625,2127.60009765625,460043
2023-10-26,2110.050048828125,2119.949951171875,2069.10009765625,2105.35009765625,2105.35009765625,751490
2023-10-27,2110.949951171875,2145.0,2106.35009765625,2114.300048828125,2114.300048828125,348807
2023-10-30,2127.0,2153.199951171875,2104.0,2144.949951171875,2144.949951171875,526663
2023-10-31,2159.0,2166.050048828125,2117.550048828125,2123.39990234375,2123.39990234375,101591
2023-11-01,2134.60009765625,2163.5,2122.14990234375,2142.14990234375,2142.14990234375,136042
2023-11-02,2169.0,2195.0,2160.0,2187.699951171875,2187.699951171875,258257
2023-11-03,2200.0,2215.0,2192.0,2210.199951171875,2210.199951171875,190656
2023-11-06,2220.0,2222.89990234375,2182.050048828125,2191.699951171875,2191.699951171875,584057
2023-11-07,2192.0,2208.0,2183.300048828125,2202.300048828125,2202.300048828125,116702
2023-11-08,2210.0,2218.39990234375,2176.10009765625,2182.199951171875,2182.199951171875,651524
2023-11-09,2187.949951171875,2199.39990234375,2181.050048828125,2193.64990234375,2193.64990234375,80818
2023-11-10,2187.39990234375,2206.0,2173.39990234375,2202.199951171875,2202.199951171875,279561
2023-11-13,2209.0,2214.550048828125,2144.10009765625,2151.39990234375,2151.39990234375,616964
2023-11-15,2216.949951171875,2272.550048828125,2210.050048828125,2269.050048828125,2269.050048828125,1140257
